Date,log_ret,Index
25/08/2016,-0.009330167,2
26/08/2016,-0.003474345,3
29/08/2016,-0.000188147,4
30/08/2016,-0.007460255,5
31/08/2016,0.001326135,6
01/09/2016,-0.00018934,7
02/09/2016,0.011297428,8
06/09/2016,0.006438692,9
07/09/2016,-0.00410104,10
08/09/2016,-0.01723937,11
09/09/2016,-0.020253128,12
12/09/2016,-0.00583489,13
13/09/2016,0.044913875,14
14/09/2016,0.012602094,15
15/09/2016,0.04404332,16
16/09/2016,0.004834537,17
19/09/2016,-0.0069515,18
20/09/2016,-0.006555658,19
21/09/2016,-0.000611688,20
22/09/2016,0.01376803,21
23/09/2016,-0.021725528,22
27/09/2016,0.007057066,24
28/09/2016,0.009655919,25
29/09/2016,-0.014474346,26
03/10/2016,0.004284191,28
04/10/2016,0.003112359,29
05/10/2016,0.000532576,30
06/10/2016,0.003896914,31
07/10/2016,0.003353339,32
10/10/2016,0.010603438,33
11/10/2016,0.012818468,34
12/10/2016,0.004722052,35
13/10/2016,-0.008861416,36
14/10/2016,0.012110949,37
17/10/2016,-0.002992606,38
18/10/2016,0.005720888,39
19/10/2016,-0.031570189,40
20/10/2016,0.021988458,41
21/10/2016,-0.000429904,42
24/10/2016,0.006172859,43
25/10/2016,0.002646069,44
26/10/2016,-0.034692578,45
27/10/2016,0.006947831,46
28/10/2016,-0.005713046,47
31/10/2016,-0.002206045,48
01/11/2016,-0.023869188,49
02/11/2016,0.006313152,50
03/11/2016,-0.015219064,51
04/11/2016,-0.013231839,52
07/11/2016,0.012409958,53
08/11/2016,0.002190182,54
09/11/2016,-0.015155284,55
10/11/2016,-0.02076005,56
11/11/2016,0.006780325,57
14/11/2016,-0.023454524,58
15/11/2016,0.01978002,59
16/11/2016,0.004143658,60
17/11/2016,0.02070352,61
18/11/2016,0.007597638,62
21/11/2016,0.003186601,63
22/11/2016,0.012556057,64
23/11/2016,-0.009651453,65
25/11/2016,0.005603775,66
28/11/2016,0.003957907,67
29/11/2016,-0.01192103,68
30/11/2016,0.001815377,69
01/12/2016,-0.01130883,70
02/12/2016,-0.001652286,71
05/12/2016,-0.005527421,72
06/12/2016,0.008646117,73
07/12/2016,-0.000274788,74
08/12/2016,0.013105393,75
09/12/2016,0.015342816,76
12/12/2016,0.001601424,77
13/12/2016,0.011138729,78
14/12/2016,0.010755142,79
15/12/2016,0.002171931,80
16/12/2016,0.003593293,81
19/12/2016,0.000909269,82
20/12/2016,0.008002452,83
21/12/2016,0.000856678,84
22/12/2016,-0.009809906,85
23/12/2016,-0.00043247,86
27/12/2016,0.007755985,87
28/12/2016,-0.002492588,88
29/12/2016,0.001719691,89
30/12/2016,-0.00836825,90
03/01/2017,-0.005821295,91
04/01/2017,0.008589702,92
05/01/2017,0.000518224,93
06/01/2017,0.005682812,94
09/01/2017,0.012542291,95
10/01/2017,0.00304775,96
11/01/2017,0.002532716,97
12/01/2017,-0.003293783,98
13/01/2017,0.005062875,99
17/01/2017,-0.004978283,100
18/01/2017,0.012524856,101
19/01/2017,-0.002844238,102
20/01/2017,0.003051384,103
23/01/2017,0.00029394,104
24/01/2017,-0.002256866,105
25/01/2017,0.006505987,106
26/01/2017,0.010914611,107
30/01/2017,-0.007760297,109
31/01/2017,-0.000331565,110
01/02/2017,0.051620715,111
02/02/2017,0.006044212,112
03/02/2017,0.002969448,113
06/02/2017,0.005757427,114
07/02/2017,0.011953102,115
08/02/2017,0.005885292,116
09/02/2017,-0.000762369,117
10/02/2017,0.007067704,118
13/02/2017,0.005287021,119
14/02/2017,0.003759403,120
15/02/2017,0.010228932,121
16/02/2017,0.001629929,122
17/02/2017,0.001929321,123
21/02/2017,0.006492571,124
22/02/2017,0.000955566,125
23/02/2017,0.001394956,126
24/02/2017,-0.007511634,127
27/02/2017,0.007364888,128
28/02/2017,0.003077151,129
01/03/2017,0.006527297,130
02/03/2017,0.008429781,131
03/03/2017,-0.001225888,132
06/03/2017,4.33E-05,133
07/03/2017,0.001398773,134
08/03/2017,0.000216131,135
09/03/2017,-0.012832307,136
10/03/2017,0.011534823,137
13/03/2017,0.001297485,138
14/03/2017,0.000144061,139
15/03/2017,0.001333021,140
16/03/2017,0.008842631,141
17/03/2017,-0.002641444,142
20/03/2017,0.002427532,143
21/03/2017,-0.003571943,144
22/03/2017,0.000214677,145
23/03/2017,0.006063435,146
24/03/2017,-0.001850798,147
27/03/2017,-0.012402926,148
28/03/2017,0.01432484,149
29/03/2017,0.018111203,150
30/03/2017,0.002162616,151
31/03/2017,-0.003420477,152
03/04/2017,0.000279662,153
04/04/2017,0.000838516,154
05/04/2017,0.004460249,155
06/04/2017,-0.002506441,156
07/04/2017,-0.001255581,157
10/04/2017,-0.002585877,158
11/04/2017,-0.020074183,159
12/04/2017,0.006759908,160
13/04/2017,0.000283628,161
17/04/2017,-0.001276958,162
18/04/2017,0.001702249,163
19/04/2017,-0.004688175,164
20/04/2017,0.005042445,165
21/04/2017,0.004876162,166
24/04/2017,0.009332419,167
25/04/2017,0.004807534,168
26/04/2017,-0.003436774,169
27/04/2017,-0.000463224,170
28/04/2017,-0.000279154,171
01/05/2017,0.01172688,172
02/05/2017,0.012885716,173
03/05/2017,-0.017657015,174
04/05/2017,0.01061786,175
05/05/2017,0.006494195,176
08/05/2017,0.015349028,177
09/05/2017,0.029227153,178
10/05/2017,-0.008770838,179
11/05/2017,0.001313974,180
12/05/2017,0.015375897,181
15/05/2017,0.00245383,182
16/05/2017,-0.002130614,183
17/05/2017,-0.032916942,184
18/05/2017,0.009440304,185
19/05/2017,0.009876298,186
22/05/2017,0.001832821,187
23/05/2017,0.002612502,188
24/05/2017,-0.004183286,189
25/05/2017,0.002355251,190
26/05/2017,0.001828035,191
30/05/2017,0.000130446,192
31/05/2017,-0.00621506,193
01/06/2017,-0.001050558,194
02/06/2017,0.004391866,195
05/06/2017,0.003721238,196
06/06/2017,0.002083063,197
07/06/2017,0.004541629,198
08/06/2017,-0.000518001,199
09/06/2017,-0.055803039,200
12/06/2017,-0.024331426,201
13/06/2017,0.018355518,202
14/06/2017,-0.00906612,203
15/06/2017,-0.011396732,204
16/06/2017,-7.03E-05,205
19/06/2017,0.010214879,206
20/06/2017,0.008870467,207
21/06/2017,-0.0022794,208
22/06/2017,0.003520523,209
23/06/2017,-6.89E-05,210
26/06/2017,0.001858929,211
27/06/2017,-0.012180081,212
28/06/2017,-0.003208037,213
29/06/2017,-0.006165939,214
30/06/2017,0.010487406,215
03/07/2017,-0.004740667,216
05/07/2017,-0.002633794,217
06/07/2017,-0.002199671,218
07/07/2017,0.003434864,219
10/07/2017,0.003283616,220
11/07/2017,0.007020011,221
12/07/2017,0.003042879,222
13/07/2017,0.004272038,223
14/07/2017,0.012911338,224
17/07/2017,0.008381259,225
18/07/2017,0.000672857,226
19/07/2017,0.008572821,227
20/07/2017,0.001599254,228
21/07/2017,-0.008760547,229
24/07/2017,0.006827793,230
25/07/2017,0.01259546,231
26/07/2017,0.008266136,232
27/07/2017,-0.038358678,233
28/07/2017,0.012749338,234
31/07/2017,-0.007130395,235
01/08/2017,0.001888447,236
02/08/2017,0.050902409,237
03/08/2017,-0.007326982,238
04/08/2017,0.00431271,239
07/08/2017,0.006274832,240
08/08/2017,0.010160753,241
09/08/2017,0.005293352,242
10/08/2017,-0.02856062,243
11/08/2017,0.009269458,244
14/08/2017,0.017026013,245
15/08/2017,0.008717795,246
16/08/2017,6.24E-05,247
17/08/2017,-0.014529014,248
18/08/2017,-0.007121088,249
21/08/2017,-0.010326231,250
22/08/2017,0.018587065,251
23/08/2017,0.005427593,252
24/08/2017,-0.002079199,253
25/08/2017,0.004530874,254
28/08/2017,0.004135344,255
29/08/2017,0.000437596,256
30/08/2017,0.016180881,257
31/08/2017,0.005335963,258
01/09/2017,0.000917123,259
05/09/2017,-0.018940077,260
06/09/2017,-0.000249159,261
07/09/2017,-0.000997258,262
08/09/2017,-0.011477438,263
11/09/2017,0.008542229,264
12/09/2017,-0.007029465,265
13/09/2017,-0.005431364,266
14/09/2017,0.001139241,267
15/09/2017,-0.000569458,268
18/09/2017,-3.04E-05,269
19/09/2017,0.00281132,270
20/09/2017,-0.029527876,271
21/09/2017,-0.007045499,272
22/09/2017,-0.014440922,273
25/09/2017,-0.009342121,274
26/09/2017,0.016819409,275
27/09/2017,0.012122155,276
28/09/2017,-0.005485907,277
29/09/2017,-0.004594691,278
02/10/2017,0.004725659,279
03/10/2017,0.007761837,280
04/10/2017,-0.009465749,281
05/10/2017,0.010374958,282
06/10/2017,0.003305145,283
09/10/2017,0.00596818,284
10/10/2017,-0.00248048,285
11/10/2017,0.004182087,286
12/10/2017,-0.000128419,287
13/10/2017,0.004357026,288
16/10/2017,0.007896621,289
17/10/2017,0.009972312,290
18/10/2017,0.002320987,291
19/10/2017,-0.029116544,292
20/10/2017,0.006045423,293
23/10/2017,-0.002953832,294
24/10/2017,0.004491506,295
25/10/2017,-0.0059717,296
26/10/2017,0.009678012,297
27/10/2017,0.012172079,298
30/10/2017,0.031142024,299
31/10/2017,0.019476815,300
01/11/2017,-0.00799884,301
02/11/2017,-0.001994621,302
03/11/2017,0.034724059,303
06/11/2017,0.003500179,304
07/11/2017,0.010888559,305
08/11/2017,0.004196253,306
09/11/2017,-0.006849539,307
10/11/2017,0.006505305,308
13/11/2017,-0.005004756,309
14/11/2017,-0.01288543,310
15/11/2017,-0.016492305,311
16/11/2017,0.011338258,312
17/11/2017,-0.003883043,313
20/11/2017,-0.000471698,314
21/11/2017,0.007169332,315
22/11/2017,0.013204392,316
24/11/2017,0.009180498,317
27/11/2017,-0.007506084,318
28/11/2017,-0.008574792,319
29/11/2017,-0.027728754,320
30/11/2017,0.007628166,321
01/12/2017,0.000356146,322
04/12/2017,0.006683845,323
05/12/2017,-0.007277493,324
06/12/2017,-0.011587061,325
07/12/2017,0.014610988,326
08/12/2017,-0.00053297,327
11/12/2017,-0.00017772,328
12/12/2017,0.015701663,329
13/12/2017,0.003137475,330
14/12/2017,-0.002036957,331
15/12/2017,0.004707806,332
18/12/2017,0.013820328,333
19/12/2017,-0.004413247,334
20/12/2017,-0.004836769,335
21/12/2017,0.004894209,336
22/12/2017,0.002294895,337
26/12/2017,-0.028015146,338
27/12/2017,0.000181503,339
28/12/2017,0.00452689,340
29/12/2017,-0.007418344,341
02/01/2018,0.000236351,342
03/01/2018,0.015825897,343
04/01/2018,0.000697593,344
05/01/2018,0.005621085,345
08/01/2018,0.005072349,346
09/01/2018,-0.002994187,347
10/01/2018,-0.002367138,348
11/01/2018,0.008575839,349
12/01/2018,0.006625945,350
16/01/2018,0.002785755,351
17/01/2018,-0.006093239,352
18/01/2018,0.018001165,353
19/01/2018,-0.004723621,354
22/01/2018,-0.00456709,355
23/01/2018,0.001235918,356
24/01/2018,-0.02068527,357
25/01/2018,-0.015535762,358
26/01/2018,-0.002759918,359
29/01/2018,-0.01773843,360
30/01/2018,-0.014287249,361
31/01/2018,0.010869672,362
01/02/2018,0.001560344,363
02/02/2018,-0.040757033,364
05/02/2018,-0.025942613,365
06/02/2018,-0.012903405,366
07/02/2018,0.032381696,367
08/02/2018,-0.025715652,368
09/02/2018,-0.031384631,369
12/02/2018,0.047254933,370
13/02/2018,0.025944556,371
14/02/2018,0.007580229,372
15/02/2018,0.036884982,373
16/02/2018,0.016257658,374
20/02/2018,-0.002039687,375
21/02/2018,-0.002394651,376
22/02/2018,0.004084973,377
23/02/2018,0.010601113,378
26/02/2018,0.015268345,379
27/02/2018,0.011005557,380
28/02/2018,-0.000617613,381
01/03/2018,-0.030740067,382
02/03/2018,-0.001217003,383
05/03/2018,0.011932009,384
06/03/2018,0.00918301,385
07/03/2018,-0.010616538,386
08/03/2018,0.004580073,387
09/03/2018,0.013164805,388
12/03/2018,0.015772139,389
13/03/2018,-0.005397148,390
14/03/2018,-0.008010125,391
15/03/2018,0.001461167,392
16/03/2018,-0.002530295,393
19/03/2018,-0.022547072,394
20/03/2018,0.007343693,395
21/03/2018,-0.021260188,396
22/03/2018,-0.015653824,397
23/03/2018,-0.021947274,398
26/03/2018,0.009053113,399
27/03/2018,0.002879772,400
28/03/2018,-0.010418329,401
29/03/2018,0.010298504,402
02/04/2018,-0.014666648,403
03/04/2018,0.002489754,404
04/04/2018,-0.000667375,405
05/04/2018,0.043408923,406
06/04/2018,-0.022805737,407
09/04/2018,0.009733686,408
10/04/2018,0.009870744,409
11/04/2018,0.000990589,410
12/04/2018,0.007774014,411
13/04/2018,0.004670077,412
16/04/2018,0.005621215,413
17/04/2018,0.008996758,414
18/04/2018,0.002660705,415
19/04/2018,-0.024147194,416
20/04/2018,-0.042776198,417
23/04/2018,-0.008133087,418
24/04/2018,-0.017645166,419
25/04/2018,0.00735411,420
26/04/2018,0.005893565,421
27/04/2018,-0.016913983,422
30/04/2018,0.007504609,423
01/05/2018,0.020972307,424
02/05/2018,0.050324713,425
03/05/2018,0.003682509,426
04/05/2018,0.021150429,427
07/05/2018,0.036265409,428
08/05/2018,-0.005891203,429
09/05/2018,0.008431951,430
10/05/2018,0.013034218,431
11/05/2018,-0.001066382,432
14/05/2018,0.002184861,433
15/05/2018,-0.014800785,434
16/05/2018,0.004850454,435
17/05/2018,0.001933613,436
18/05/2018,-0.001234933,437
21/05/2018,0.004184003,438
22/05/2018,-0.000697904,439
23/05/2018,-0.005475936,440
24/05/2018,0.002419551,441
25/05/2018,0.007703456,442
29/05/2018,-0.004165338,443
30/05/2018,-0.000481734,444
31/05/2018,-0.003432375,445
01/06/2018,0.008612212,446
04/06/2018,0.018992921,447
05/06/2018,0.005264405,448
06/06/2018,-0.002289998,449
07/06/2018,0.002161065,450
08/06/2018,-0.013426871,451
11/06/2018,0.002315912,452
12/06/2018,0.004929735,453
13/06/2018,-0.003721276,454
14/06/2018,-0.001155887,455
15/06/2018,-0.010357311,456
18/06/2018,-0.005646422,457
19/06/2018,-0.020235413,458
20/06/2018,0.012351855,459
21/06/2018,-0.004262558,460
22/06/2018,-0.001298561,461
25/06/2018,-0.021728682,462
26/06/2018,0.009965122,463
27/06/2018,0.008129461,464
28/06/2018,-0.001250578,465
29/06/2018,-0.004853981,466
02/07/2018,0.002784377,467
03/07/2018,0.000654022,468
05/07/2018,0.004023713,469
06/07/2018,0.004979982,470
09/07/2018,0.021896736,471
10/07/2018,0.004637934,472
11/07/2018,-0.013605652,473
12/07/2018,0.009020543,474
13/07/2018,0.008363848,475
16/07/2018,-0.00254488,476
17/07/2018,-0.006400194,477
18/07/2018,0.003850927,478
19/07/2018,-0.001264422,479
20/07/2018,0.002527248,480
23/07/2018,-0.003212812,481
24/07/2018,0.013050158,482
25/07/2018,0.001976696,483
26/07/2018,0.006113375,484
27/07/2018,-0.018295577,485
30/07/2018,-0.005432933,486
31/07/2018,0.001427024,487
01/08/2018,0.041231755,488
02/08/2018,0.015289741,489
03/08/2018,0.025284815,490
06/08/2018,0.007706248,491
07/08/2018,-0.0014982,492
08/08/2018,-0.01089293,493
09/08/2018,0.01301874,494
10/08/2018,-0.002561192,495
13/08/2018,0.004971413,496
14/08/2018,0.002692568,497
15/08/2018,0.000336062,498
16/08/2018,0.014959784,499
17/08/2018,0.007959913,500
20/08/2018,0.009106468,501
21/08/2018,-0.00505576,502
22/08/2018,-0.000865693,503
23/08/2018,0.003547758,504
24/08/2018,0.002373695,505
27/08/2018,0.005655494,506
28/08/2018,0.011901347,507
29/08/2018,0.002235759,508
30/08/2018,0.013535437,509
31/08/2018,0.016057437,510
04/09/2018,0.002783732,511
05/09/2018,-0.006773984,512
06/09/2018,-0.017025501,513
07/09/2018,-0.002669624,514
10/09/2018,-0.019397653,515
11/09/2018,0.000415676,516
12/09/2018,0.015032364,517
13/09/2018,0.01234165,518
14/09/2018,-0.000215686,519
17/09/2018,-0.023885153,520
18/09/2018,-0.000690624,521
19/09/2018,-0.008417792,522
20/09/2018,0.017724022,523
21/09/2018,-0.00852356,524
24/09/2018,-0.003042038,525
25/09/2018,0.01407215,526
26/09/2018,0.000273062,527
27/09/2018,0.017054327,528
28/09/2018,0.002144965,529
01/10/2018,0.01034714,530
02/10/2018,0.001236258,531
03/10/2018,0.013803598,532
04/10/2018,-0.013362447,533
05/10/2018,-0.027499441,534
08/10/2018,-0.001724217,535
09/10/2018,0.009248652,536
10/10/2018,-0.028275014,537
11/10/2018,-0.017415292,538
12/10/2018,0.021065184,539
15/10/2018,0.001981065,540
16/10/2018,-0.002337152,541
17/10/2018,0.011819369,542
18/10/2018,-0.029330872,543
19/10/2018,0.020584794,544
22/10/2018,0.00692076,545
23/10/2018,-0.019556015,546
24/10/2018,-0.000745504,547
25/10/2018,0.010248414,548
26/10/2018,-0.019002947,549
29/10/2018,-0.031428702,550
30/10/2018,0.015312318,551
31/10/2018,0.034519382,552
01/11/2018,0.000876728,553
02/11/2018,-0.053916051,554
05/11/2018,-0.035980095,555
06/11/2018,0.017606617,556
07/11/2018,0.012025181,557
08/11/2018,0.012753288,558
09/11/2018,-0.022005778,559
12/11/2018,-0.042729457,560
13/11/2018,-0.012148421,561
14/11/2018,-0.029256419,562
15/11/2018,0.005203456,563
16/11/2018,0.013604206,564
19/11/2018,-0.023876151,565
20/11/2018,-0.052605748,566
21/11/2018,0.005908101,567
23/11/2018,-0.025528419,568
26/11/2018,-0.010749023,569
27/11/2018,0.003634875,570
28/11/2018,0.023424338,571
29/11/2018,0.015710841,572
30/11/2018,-0.003777525,573
03/12/2018,0.02333737,574
04/12/2018,-0.027639669,575
06/12/2018,-0.033750932,576
07/12/2018,-0.012517877,577
10/12/2018,-0.029975407,578
11/12/2018,0.022221118,579
12/12/2018,0.012023239,580
13/12/2018,0.003130817,581
14/12/2018,-0.025506863,582
17/12/2018,-0.01554862,583
18/12/2018,0.010149268,584
19/12/2018,-0.032771574,585
20/12/2018,-0.02411135,586
21/12/2018,-0.03719315,587
24/12/2018,-0.020526006,588
26/12/2018,0.000886434,589
27/12/2018,0.022575843,590
28/12/2018,0.029415817,591
31/12/2018,0.012410538,592
02/01/2019,-0.014483212,593
03/01/2019,-0.082617937,594
04/01/2019,0.012596388,595
07/01/2019,0.01449801,596
08/01/2019,0.017798174,597
09/01/2019,0.007445951,598
10/01/2019,0.008186674,599
11/01/2019,0.004299375,600
14/01/2019,-0.015229902,601
15/01/2019,0.005546845,602
16/01/2019,0.01946935,603
17/01/2019,0.001697904,604
18/01/2019,0.017597097,605
22/01/2019,-0.021781751,606
23/01/2019,-0.006046286,607
24/01/2019,0.000263644,608
25/01/2019,0.016859839,609
28/01/2019,-0.004285999,610
29/01/2019,0.002924264,611
30/01/2019,0.03894365,612
31/01/2019,0.026664962,613
01/02/2019,0.008290767,614
04/02/2019,0.008103042,615
05/02/2019,0.029858238,616
06/02/2019,0.002915386,617
07/02/2019,-0.01464624,618
08/02/2019,-0.01133558,619
11/02/2019,0.004916052,620
12/02/2019,0.00265526,621
13/02/2019,0.001295566,622
14/02/2019,-0.003183027,623
15/02/2019,0.002182055,624
19/02/2019,-0.001532838,625
20/02/2019,0.008811147,626
21/02/2019,-0.004043488,627
22/02/2019,0.006321726,628
25/02/2019,0.014884588,629
26/02/2019,-0.004475652,630
27/02/2019,-0.002562568,631
28/02/2019,0.001099378,632
01/03/2019,-0.000173506,633
04/03/2019,0.006227316,634
05/03/2019,0.003271071,635
06/03/2019,-0.00344353,636
07/03/2019,-0.011099663,637
08/03/2019,-0.014757822,638
11/03/2019,0.03393105,639
12/03/2019,0.022666735,640
13/03/2019,0.008604233,641
14/03/2019,0.009023942,642
15/03/2019,0.006442829,643
18/03/2019,0.011095289,644
19/03/2019,0.00069947,645
20/03/2019,-0.006421174,646
21/03/2019,0.027128272,647
22/03/2019,0.00509736,648
25/03/2019,-0.022153643,649
26/03/2019,-0.010884315,650
27/03/2019,0.010616326,651
28/03/2019,0.005239533,652
29/03/2019,0.005371353,653
01/04/2019,-0.000848987,654
02/04/2019,0.014073974,655
03/04/2019,0.010931915,656
04/04/2019,-5.18E-05,657
05/04/2019,0.014342138,658
08/04/2019,0.002090398,659
09/04/2019,0.014612086,660
10/04/2019,-0.005284228,661
11/04/2019,0.001327204,662
12/04/2019,-0.011317399,663
15/04/2019,0.00913202,664
16/04/2019,0.002773787,665
17/04/2019,0.000251781,666
18/04/2019,0.019495544,667
22/04/2019,-0.000889196,668
23/04/2019,0.007680227,669
24/04/2019,0.015330632,670
25/04/2019,-0.009365136,671
26/04/2019,-0.014733593,672
29/04/2019,0.008571903,673
30/04/2019,-0.023576048,674
01/05/2019,0.04957669,675
02/05/2019,-0.005271241,676
03/05/2019,0.010039285,677
06/05/2019,-0.032536165,678
07/05/2019,-0.013233119,679
08/05/2019,0.004596421,680
09/05/2019,-0.025552958,681
10/05/2019,-0.019978581,682
13/05/2019,-0.052831624,683
14/05/2019,0.013903445,684
15/05/2019,0.003284606,685
16/05/2019,0.015045901,686
17/05/2019,-0.011075726,687
20/05/2019,-0.035290985,688
21/05/2019,0.024199502,689
22/05/2019,-0.011708779,690
23/05/2019,-0.026308544,691
24/05/2019,0.00454508,692
28/05/2019,-0.00398284,693
29/05/2019,-0.010793809,694
30/05/2019,0.003799591,695
31/05/2019,-0.009554756,696
03/06/2019,-0.027343417,697
04/06/2019,0.024653936,698
05/06/2019,0.037230865,699
06/06/2019,0.005553723,700
07/06/2019,0.019685414,701
10/06/2019,0.031004895,702
11/06/2019,0.010279931,703
12/06/2019,-0.001112189,704
13/06/2019,0.001112189,705
14/06/2019,-0.017192401,706
17/06/2019,0.009778623,707
18/06/2019,0.015695505,708
19/06/2019,0.010700194,709
20/06/2019,0.003642438,710
21/06/2019,0.000605785,711
24/06/2019,0.000100929,712
25/06/2019,-0.014639615,713
26/06/2019,0.010493169,714
27/06/2019,0.01118625,715
28/06/2019,-0.012707548,716
01/07/2019,0.018104593,717
02/07/2019,0.003532254,718
03/07/2019,0.006583367,719
05/07/2019,0.001035529,720
08/07/2019,-0.02237765,721
09/07/2019,0.002013998,722
10/07/2019,0.013737509,723
11/07/2019,0.000743919,724
12/07/2019,0.002426284,725
15/07/2019,0.008862687,726
16/07/2019,-0.002453989,727
17/07/2019,-0.00113086,728
18/07/2019,0.002113179,729
19/07/2019,-0.006600034,730
22/07/2019,0.00615811,731
23/07/2019,0.01791238,732
24/07/2019,-0.000579067,733
25/07/2019,-0.002126118,734
26/07/2019,0.001981299,735
29/07/2019,0.006256337,736
30/07/2019,-0.005435972,737
31/07/2019,0.019063667,738
01/08/2019,-0.021799546,739
02/08/2019,-0.025045044,740
05/08/2019,-0.045922683,741
06/08/2019,0.007552672,742
07/08/2019,-0.00113443,743
08/08/2019,0.028332813,744
09/08/2019,-0.000501655,745
12/08/2019,-0.000702741,746
13/08/2019,0.008400469,747
14/08/2019,0.008709658,748
15/08/2019,-0.014502433,749
16/08/2019,0.020669369,750
19/08/2019,0.029892151,751
20/08/2019,0.001402657,752
21/08/2019,0.006082642,753
22/08/2019,-0.004040226,754
23/08/2019,-0.047367689,755
26/08/2019,0.019984057,756
27/08/2019,-0.00747555,757
28/08/2019,-0.001032322,758
29/08/2019,0.016270611,759
30/08/2019,0.002632806,760
03/09/2019,-0.014486666,761
04/09/2019,0.015065649,762
05/09/2019,0.020008785,763
06/09/2019,0.004716767,764
09/09/2019,-0.006799214,765
10/09/2019,0.003027582,766
11/09/2019,0.028038349,767
12/09/2019,0.023288009,768
13/09/2019,-0.026554256,769
16/09/2019,0.002485159,770
17/09/2019,0.00714485,771
18/09/2019,0.001459322,772
19/09/2019,0.004229105,773
20/09/2019,-0.013232327,774
23/09/2019,0.000812643,775
24/09/2019,-0.002115722,776
25/09/2019,-0.00023024,777
26/09/2019,0.007752866,778
27/09/2019,-0.007102805,779
30/09/2019,0.016019656,780
01/10/2019,0.015326487,781
02/10/2019,-0.0283646,782
03/10/2019,-0.012922117,783
04/10/2019,0.039903067,784
07/10/2019,0.008671924,785
08/10/2019,-0.006708602,786
09/10/2019,0.005822627,787
10/10/2019,0.007329922,788
11/10/2019,0.021791625,789
14/10/2019,0.010117916,790
15/10/2019,0.000894473,791
16/10/2019,-0.007178291,792
17/10/2019,0.001371272,793
18/10/2019,0.003291938,794
21/10/2019,0.012849777,795
22/10/2019,0.00965324,796
23/10/2019,0.006646698,797
24/10/2019,0.002423063,798
25/10/2019,0.004435051,799
28/10/2019,0.015686596,800
29/10/2019,-0.016963762,801
30/10/2019,-0.005622405,802
31/10/2019,-0.016511337,803
01/11/2019,0.048938674,804
04/11/2019,0.024657372,805
05/11/2019,0.003674032,806
06/11/2019,-0.003731986,807
07/11/2019,0.010691173,808
08/11/2019,-0.004893594,809
11/11/2019,0.005552011,810
12/11/2019,0.010169579,811
13/11/2019,0.000574724,812
14/11/2019,0.00393754,813
15/11/2019,0.003465944,814
18/11/2019,0.004627882,815
19/11/2019,0.004391057,816
20/11/2019,-0.018992082,817
21/11/2019,0.002990914,818
22/11/2019,-0.001302632,819
25/11/2019,0.006420077,820
26/11/2019,-7.62E-05,821
27/11/2019,0.010647872,822
29/11/2019,0.002221345,823
02/12/2019,-0.009256702,824
03/12/2019,-0.027553981,825
04/12/2019,0.016983986,826
05/12/2019,0.007833287,827
06/12/2019,0.017244734,828
09/12/2019,-0.008981477,829
10/12/2019,0.003579709,830
11/12/2019,0.00988106,831
12/12/2019,-0.004399982,832
13/12/2019,0.013409553,833
16/12/2019,0.022084816,834
17/12/2019,0.006549377,835
18/12/2019,0.001147118,836
19/12/2019,-0.000609243,837
20/12/2019,-0.001399078,838
23/12/2019,0.006489523,839
24/12/2019,0.009039759,840
26/12/2019,0.006273236,841
27/12/2019,0.011941066,842
30/12/2019,-0.010116248,843
31/12/2019,0.014963567,844
02/01/2020,0.019394838,845
03/01/2020,0.004428002,846
06/01/2020,-0.012728216,847
07/01/2020,0.016027993,848
08/01/2020,-0.001089742,849
09/01/2020,0.02998123,850
10/01/2020,0.006672659,851
13/01/2020,0.009363969,852
14/01/2020,0.0032728,853
15/01/2020,-0.008428281,854
16/01/2020,0.008171978,855
17/01/2020,0.009281031,856
21/01/2020,0.003169575,857
22/01/2020,0.004137,858
23/01/2020,-0.005245209,859
24/01/2020,0.005903024,860
27/01/2020,-0.040618773,861
28/01/2020,0.02369372,862
29/01/2020,0.029012247,863
30/01/2020,-0.008217127,864
31/01/2020,-0.033366198,865
03/02/2020,-0.019885669,866
04/02/2020,0.037072747,867
05/02/2020,0.016806374,868
06/02/2020,0.004113803,869
07/02/2020,-0.007096771,870
10/02/2020,-0.013136218,871
11/02/2020,0.015366434,872
12/02/2020,0.008622628,873
13/02/2020,0.005831101,874
14/02/2020,-0.001547509,875
18/02/2020,-0.025854043,876
19/02/2020,0.016987219,877
20/02/2020,-0.005609454,878
21/02/2020,-0.024527641,879
24/02/2020,-0.070961682,880
25/02/2020,-0.010775966,881
26/02/2020,0.001292283,882
27/02/2020,-0.048413272,883
28/02/2020,-0.062703551,884
02/03/2020,0.079991698,885
03/03/2020,0.028678854,886
04/03/2020,0.025323931,887
05/03/2020,-0.005884986,888
06/03/2020,-0.03555837,889
09/03/2020,-0.067018808,890
10/03/2020,0.023931867,891
11/03/2020,0.009201329,892
12/03/2020,-0.091858482,893
13/03/2020,0.019763095,894
16/03/2020,-0.052552917,895
17/03/2020,-0.006688988,896
18/03/2020,-0.005383593,897
19/03/2020,0.022888874,898
20/03/2020,-0.062109587,899
23/03/2020,-0.069886127,900
24/03/2020,0.097142844,901
25/03/2020,0.041794633,902
26/03/2020,0.008396903,903
27/03/2020,0.002796864,904
30/03/2020,0.009467288,905
31/03/2020,0.010371054,906
01/04/2020,-0.05242175,907
02/04/2020,-0.009369226,908
03/04/2020,0.008716648,909
06/04/2020,0.042623078,910
07/04/2020,0.037850224,911
08/04/2020,0.008573184,912
09/04/2020,0.013195864,913
13/04/2020,0.004259897,914
14/04/2020,0.044943947,915
15/04/2020,0.009236122,916
16/04/2020,0.00611036,917
17/04/2020,-0.019635473,918
20/04/2020,-3.61E-05,919
21/04/2020,-0.042124691,920
22/04/2020,0.025185938,921
23/04/2020,0.009761168,922
24/04/2020,0.007719248,923
27/04/2020,0.01059351,924
28/04/2020,-0.006270736,925
29/04/2020,0.02024656,926
30/04/2020,0.015588181,927
01/05/2020,-0.008707822,928
04/05/2020,0.001633089,929
05/05/2020,0.028042883,930
06/05/2020,0.014865526,931
07/05/2020,0.010318978,932
08/05/2020,0.007653519,933
11/05/2020,0.009648007,934
12/05/2020,0.01187428,935
13/05/2020,-0.025077846,936
14/05/2020,-0.005556121,937
15/05/2020,-0.004387284,938
18/05/2020,0.033134683,939
19/05/2020,0.008618226,940
20/05/2020,0.010139786,941
21/05/2020,-0.001044188,942
22/05/2020,-0.001647603,943
26/05/2020,0.003640108,944
27/05/2020,-0.010832552,945
28/05/2020,0.008079952,946
29/05/2020,0.002657809,947
01/06/2020,0.002335565,948
02/06/2020,0.005407628,949
03/06/2020,0.010511146,950
04/06/2020,-0.004727259,951
05/06/2020,0.007608614,952
08/06/2020,0.012574142,953
09/06/2020,0.014226803,954
10/06/2020,0.041533768,955
11/06/2020,-0.031136515,956
12/06/2020,-0.003753309,957
15/06/2020,-0.004928601,958
16/06/2020,0.035852061,959
17/06/2020,0.018310108,960
18/06/2020,-0.005340505,961
19/06/2020,-0.011722991,962
22/06/2020,0.017234377,963
23/06/2020,0.031176308,964
24/06/2020,-0.010405344,965
25/06/2020,-0.002653299,966
26/06/2020,-0.012806435,967
29/06/2020,-0.004941086,968
30/06/2020,0.024520405,969
01/07/2020,0.010802553,970
02/07/2020,-0.000742217,971
06/07/2020,0.016987225,972
07/07/2020,0.00636035,973
08/07/2020,0.011034189,974
09/07/2020,0.006171796,975
10/07/2020,0.000345342,976
13/07/2020,0.005814842,977
14/07/2020,-0.01459301,978
15/07/2020,0.027448635,979
16/07/2020,-0.006081258,980
17/07/2020,-0.000677984,981
20/07/2020,0.002318887,982
21/07/2020,0.007053788,983
22/07/2020,-0.001448189,984
23/07/2020,-0.048710615,985
24/07/2020,-0.031629749,986
27/07/2020,0.047483252,987
28/07/2020,-0.002490261,988
29/07/2020,0.004974336,989
30/07/2020,0.000586729,990
31/07/2020,0.072568027,991
03/08/2020,0.06774902,992
04/08/2020,0.004577408,993
05/08/2020,0.004694304,994
06/08/2020,0.008230687,995
07/08/2020,0.004498167,996
10/08/2020,-0.002655562,997
11/08/2020,-0.008154063,998
12/08/2020,0.010854958,999
13/08/2020,0.032381021,1000
14/08/2020,-0.007776312,1001
17/08/2020,0.008083477,1002
18/08/2020,0.000394789,1003
19/08/2020,0.013958222,1004
20/08/2020,0.001066812,1005
21/08/2020,0.02993286,1006
24/08/2020,0.038545594,1007
25/08/2020,-0.00715663,1008
26/08/2020,0.016362426,1009
27/08/2020,-0.010043674,1010
28/08/2020,0.005998166,1011
31/08/2020,0.011353895,1012
01/09/2020,0.035321178,1013
02/09/2020,-0.027415999,1014
03/09/2020,-0.052537334,1015
04/09/2020,-0.083111034,1016
08/09/2020,0.016013224,1017
09/09/2020,0.022638503,1018
10/09/2020,-0.024237224,1019
11/09/2020,-0.022472856,1020
14/09/2020,0.025135973,1021
15/09/2020,0.007155192,1022
16/09/2020,-0.01391558,1023
17/09/2020,-0.030172164,1024
18/09/2020,-0.024395996,1025
21/09/2020,-0.028588399,1026
22/09/2020,0.057115305,1027
23/09/2020,-0.022137708,1028
24/09/2020,-0.016716638,1029
25/09/2020,0.025110644,1030
28/09/2020,0.046368025,1031
29/09/2020,0.006980369,1032
30/09/2020,0.00044016,1033
01/10/2020,0.019264052,1034
02/10/2020,-0.031662369,1035
05/10/2020,0.011782038,1036
06/10/2020,-0.011514742,1037
07/10/2020,0.016609623,1038
08/10/2020,0.004023264,1039
09/10/2020,0.002874821,1040
12/10/2020,0.037275162,1041
13/10/2020,0.003059418,1042
14/10/2020,-0.000250763,1043
15/10/2020,-0.012365048,1044
16/10/2020,0.005570575,1045
19/10/2020,-0.026870726,1046
20/10/2020,-0.000259415,1047
21/10/2020,0.007066558,1048
22/10/2020,-0.016101456,1049
23/10/2020,-0.002708963,1050
26/10/2020,-0.01232627,1051
27/10/2020,0.014597926,1052
28/10/2020,-0.030492537,1053
29/10/2020,0.009852296,1054
30/10/2020,-0.040747725,1055
02/11/2020,-0.003720242,1056
03/11/2020,0.013052719,1057
04/11/2020,0.032751254,1058
05/11/2020,0.039431228,1059
06/11/2020,-0.006339973,1060
09/11/2020,-0.000689121,1061
10/11/2020,-0.016682983,1062
11/11/2020,0.020037969,1063
12/11/2020,0.018127385,1064
13/11/2020,-0.005921181,1065
16/11/2020,0.002338826,1066
17/11/2020,0.006866154,1067
18/11/2020,-0.008102678,1068
19/11/2020,-0.010135941,1069
20/11/2020,0.004100817,1070
23/11/2020,-0.030646443,1071
24/11/2020,-0.010250156,1072
25/11/2020,0.022656396,1073
27/11/2020,0.009075649,1074
30/11/2020,0.005063737,1075
01/12/2020,0.027026389,1076
02/12/2020,0.007305969,1077
03/12/2020,0.010859835,1078
04/12/2020,-0.005662018,1079
07/12/2020,0.00598927,1080
08/12/2020,0.006847667,1081
09/12/2020,-0.01712525,1082
10/12/2020,-0.007049583,1083
11/12/2020,0.003323642,1084
14/12/2020,0.008178822,1085
15/12/2020,0.021085977,1086
16/12/2020,0.0193871,1087
17/12/2020,0.011665261,1088
18/12/2020,-0.01514793,1089
21/12/2020,-0.021405719,1090
22/12/2020,0.049010397,1091
23/12/2020,0.00867801,1092
24/12/2020,0.002443869,1093
28/12/2020,0.018215991,1094
29/12/2020,0.006204218,1095
30/12/2020,-0.007028466,1096
31/12/2020,-0.012673676,1097
04/01/2021,-0.038382923,1098
05/01/2021,0.013088474,1099
06/01/2021,-0.016074942,1100
07/01/2021,0.011626849,1101
08/01/2021,0.018366203,1102
11/01/2021,-0.013373214,1103
12/01/2021,-0.012844788,1104
13/01/2021,0.012766964,1105
14/01/2021,0.002099126,1106
15/01/2021,-0.01376312,1107
19/01/2021,-0.000488308,1108
20/01/2021,0.012619155,1109
21/01/2021,0.038457474,1110
22/01/2021,0.010647508,1111
25/01/2021,0.011194696,1112
26/01/2021,0.034762955,1113
27/01/2021,-0.006813853,1114
28/01/2021,-0.02677797,1115
29/01/2021,-0.048640212,1116
01/02/2021,0.005514297,1117
02/02/2021,0.027718879,1118
03/02/2021,-0.0074566,1119
04/02/2021,0.007308012,1120
05/02/2021,0.009391824,1121
08/02/2021,-0.006942934,1122
09/02/2021,0.006869326,1123
10/02/2021,-0.010730908,1124
11/02/2021,-0.004698521,1125
12/02/2021,-0.000582512,1126
16/02/2021,-0.006770462,1127
17/02/2021,-0.025319739,1128
18/02/2021,-0.016038961,1129
19/02/2021,0.010850581,1130
22/02/2021,-0.02515856,1131
23/02/2021,-0.059117995,1132
24/02/2021,0.031920256,1133
25/02/2021,-0.013922868,1134
26/02/2021,0.005460426,1135
01/03/2021,0.013033506,1136
02/03/2021,0.017918155,1137
03/03/2021,-0.025685026,1138
04/03/2021,-0.026783602,1139
05/03/2021,-0.008891206,1140
08/03/2021,-0.011635002,1141
09/03/2021,0.021958329,1142
10/03/2021,0.005540645,1143
11/03/2021,0.015039127,1144
12/03/2021,-0.017469873,1145
15/03/2021,0.010518504,1146
16/03/2021,0.035045502,1147
17/03/2021,-0.019259777,1148
18/03/2021,-0.016616497,1149
19/03/2021,-0.005375125,1150
22/03/2021,0.00487633,1151
23/03/2021,0.015511862,1152
24/03/2021,-0.017134665,1153
25/03/2021,-0.00890977,1154
26/03/2021,-0.000672495,1155
29/03/2021,0.015104821,1156
30/03/2021,-0.015609489,1157
31/03/2021,0.019083117,1158
01/04/2021,0.010999947,1159
05/04/2021,0.004723905,1160
06/04/2021,0.020746965,1161
07/04/2021,-0.004067153,1162
08/04/2021,0.026651424,1163
09/04/2021,0.00736466,1164
12/04/2021,0.008919705,1165
13/04/2021,0.009902579,1166
14/04/2021,-0.002086614,1167
15/04/2021,0.014964753,1168
16/04/2021,-0.002697439,1169
19/04/2021,0.000450079,1170
20/04/2021,-0.011540765,1171
21/04/2021,-0.003875949,1172
22/04/2021,0.000836664,1173
23/04/2021,0.005691103,1174
26/04/2021,0.010537505,1175
27/04/2021,0.004109544,1176
28/04/2021,-0.007709908,1177
29/04/2021,-0.004745235,1178
30/04/2021,-0.010511832,1179
03/05/2021,0.00581983,1180
04/05/2021,-0.039691126,1181
05/05/2021,0.009973774,1182
06/05/2021,-0.006585676,1183
07/05/2021,0.018277627,1184
10/05/2021,-0.020797909,1185
11/05/2021,-0.032377217,1186
12/05/2021,-0.004244558,1187
13/05/2021,0.016308016,1188
14/05/2021,0.012714577,1189
17/05/2021,-0.005417908,1190
18/05/2021,-0.003120627,1191
19/05/2021,-0.015506691,1192
20/05/2021,0.018067922,1193
21/05/2021,0.00087891,1194
24/05/2021,0.005813275,1195
25/05/2021,0.003012767,1196
26/05/2021,0.000791327,1197
27/05/2021,-0.010656164,1198
28/05/2021,-0.004246291,1199
01/06/2021,-0.004909664,1200
02/06/2021,0.000887133,1201
03/06/2021,-0.007444002,1202
04/06/2021,0.005830448,1203
07/06/2021,0.007898478,1204
08/06/2021,0.010978344,1205
09/06/2021,0.00245242,1206
10/06/2021,-0.004594795,1207
11/06/2021,0.00126964,1208
14/06/2021,0.007662873,1209
15/06/2021,0.018092984,1210
16/06/2021,-0.007205743,1211
17/06/2021,0.009213156,1212
18/06/2021,0.00454039,1213
21/06/2021,-0.007939915,1214
22/06/2021,0.018479995,1215
23/06/2021,0.012157975,1216
24/06/2021,-0.002254284,1217
25/06/2021,-0.000903138,1218
28/06/2021,0.004057715,1219
29/06/2021,0.007471084,1220
30/06/2021,0.011250211,1221
01/07/2021,-0.000809925,1222
02/07/2021,0.014515529,1223
06/07/2021,0.016738148,1224
07/07/2021,0.018321879,1225
08/07/2021,-0.014083,1226
09/07/2021,0.014028323,1227
12/07/2021,0.0094038,1228
13/07/2021,-0.002572751,1229
14/07/2021,0.027807222,1230
15/07/2021,-0.004003126,1231
16/07/2021,-0.008260278,1232
19/07/2021,-0.029283957,1233
20/07/2021,0.009064461,1234
21/07/2021,0.011613886,1235
22/07/2021,0.008125647,1236
23/07/2021,0.007583817,1237
26/07/2021,0.005294969,1238
27/07/2021,-0.014663519,1239
28/07/2021,-0.020897008,1240
29/07/2021,0.014210325,1241
30/07/2021,-0.003256091,1242
02/08/2021,0.007879499,1243
03/08/2021,-0.000482044,1244
04/08/2021,0.007548241,1245
05/08/2021,-0.000752265,1246
06/08/2021,-0.003701169,1247
09/08/2021,-0.000755624,1248
10/08/2021,-0.001512964,1249
11/08/2021,0.00158168,1250
12/08/2021,0.002127879,1251
13/08/2021,0.016524806,1252
16/08/2021,-0.012214307,1253
17/08/2021,0.017729521,1254
18/08/2021,-0.019916659,1255
19/08/2021,-0.011353984,1256
20/08/2021,0.01565536,1257
23/08/2021,0.007533887,1258
