,date,log_ret
63,2013-08-05,-0.0029458874970629267
64,2013-08-06,-0.006240570965548642
65,2013-08-07,-0.0001936295872049243
66,2013-08-08,-0.0008394950607666374
67,2013-08-09,-0.001939990261826452
68,2013-08-12,-0.0018789081947296893
69,2013-08-13,0.0015552102668063839
70,2013-08-14,-0.010152371464018373
71,2013-08-15,-0.01204239209933533
72,2013-08-16,-0.002718023483785359
73,2013-08-18,0.0007962840500379542
74,2013-08-19,-0.003255492361299517
75,2013-08-20,-0.0011985618694119182
76,2013-08-21,-0.01193043641435132
77,2013-08-22,0.009195004211962399
78,2013-08-23,0.0025355321517483986
79,2013-08-26,-0.0008666956107710178
80,2013-08-27,-0.014985328969476797
81,2013-08-28,0.0023668650102663946
82,2013-08-29,0.0037080777360571915
83,2013-08-30,-0.002830381295147788
84,2013-09-01,0.003973738180642172
85,2013-09-02,0.002081585441905176
86,2013-09-03,-0.005583036733222357
87,2013-09-04,0.008597003717916607
88,2013-09-05,-0.001539337050607159
89,2013-09-06,-0.000737043150387251
90,2013-09-08,0.0014735434682364712
91,2013-09-09,0.008576993471107741
92,2013-09-10,0.007213612119302937
93,2013-09-11,0.0100946071480017
94,2013-09-12,-0.0012268819164287237
95,2013-09-13,0.004950505159856178
96,2013-09-15,0.01027838002489112
97,2013-09-16,-0.004770509305020099
98,2013-09-17,0.0037409744351108998
99,2013-09-18,0.008832315026454651
100,2013-09-19,-0.0029397124916812345
101,2013-09-20,-0.0073937608989300685
102,2013-09-22,-0.0023238260617297612
103,2013-09-23,-0.005443354096478004
104,2013-09-24,-0.0033780847354680787
105,2013-09-25,-0.0033306588263339876
106,2013-09-26,0.004503541907073583
107,2013-09-27,-0.008239217984193914
108,2013-09-30,-0.005406781962474128
109,2013-10-01,0.0025776646070472253
110,2013-10-02,-0.003899069705816771
111,2013-10-03,-0.01009742772393274
112,2013-10-04,0.006703978107131192
113,2013-10-07,-0.009200130793740158
114,2013-10-08,-0.011092629251402641
115,2013-10-09,0.0021298489201608817
116,2013-10-10,0.021173942027379766
117,2013-10-11,0.00751578179314194
118,2013-10-16,-0.004471133492780055
119,2013-10-17,0.010105020532490627
120,2013-10-18,0.002041896009208344
121,2013-10-21,0.0025254389151303513
122,2013-10-22,0.003138870125104276
123,2013-10-23,-0.0019398252046531894
124,2013-10-24,0.0001714250754947244
125,2013-10-25,0.006201526241810029
126,2013-10-28,0.0032493028167390747
127,2013-10-29,0.006866112997796492
128,2013-10-30,-0.0068481179090404964
129,2013-10-31,0.0008967092068949967
130,2013-11-01,0.001857730518333156
131,2013-11-04,0.0020563531556945236
132,2013-11-05,-0.001994315168046157
133,2013-11-06,0.007268016427106616
134,2013-11-07,-0.007332041232093189
135,2013-11-08,0.009123261416327466
136,2013-11-11,0.001846593114706252
137,2013-11-12,-0.002235914854654908
138,2013-11-13,0.006139744251408175
139,2013-11-14,0.0017207281017252996
140,2013-11-15,0.0053470314365604565
141,2013-11-18,0.0011906538381154519
142,2013-11-19,0.0009979387007987839
143,2013-11-20,-0.0047788842879032956
144,2013-11-21,0.006393018502327763
145,2013-11-22,0.0027501036480934715
146,2013-11-25,0.0016839752058537272
147,2013-11-26,-0.0006269038100210622
148,2013-11-27,0.0026712193382731897
149,2013-11-28,0.0004923765188973306
150,2013-11-29,-0.00147704989991837
151,2013-12-02,-0.006112036415087729
152,2013-12-03,-0.0062638940222861095
153,2013-12-04,-0.00025204559158353845
154,2013-12-05,-0.004550814257736846
155,2013-12-06,0.012558843610468884
156,2013-12-09,0.0005030649601760473
157,2013-12-10,-0.0018112321479755167
158,2013-12-11,-0.010225843577307714
159,2013-12-12,-0.00654436232401423
160,2013-12-13,0.0013357333725316778
161,2013-12-16,0.007648710637280232
162,2013-12-17,-0.0001779905327090603
163,2013-12-18,0.01816507759238739
164,2013-12-19,0.000182208057859512
165,2013-12-20,0.005130170846493698
166,2013-12-23,0.002746368786670672
167,2013-12-24,0.003665883750679555
168,2013-12-25,1.2226789358749102e-07
169,2013-12-26,0.006901687196606332
170,2013-12-27,0.00037392504574107477
171,2013-12-30,0.001435640886660039
172,2013-12-31,0.004594824174626311
173,2014-01-02,-0.007307485621003806
174,2014-01-03,-8.027817699129969e-05
175,2014-01-06,-0.0015766659910525505
176,2014-01-07,0.00521921152564353
177,2014-01-08,-0.00394512030350036
178,2014-01-09,7.708076895163174e-05
179,2014-01-10,-0.00037622014356131217
180,2014-01-13,-0.010210159799660445
181,2014-01-14,0.005214156571831552
182,2014-01-15,0.006514061146912553
183,2014-01-16,-0.00517166921612322
184,2014-01-17,0.004151033188289688
185,2014-01-20,0.00036746635524487203
186,2014-01-21,-0.005182874359363154
187,2014-01-22,0.0018280728665924784
188,2014-01-23,-0.01226665618212408
189,2014-01-24,-0.02164963564356981
190,2014-01-27,-0.0011953435719807004
191,2014-01-28,0.005709821381730151
192,2014-01-29,-0.01198606727898266
193,2014-01-30,0.0069536964432526105
194,2014-01-31,-0.009494286392310869
195,2014-02-03,-0.020987968060046214
196,2014-02-04,0.004700704733005878
197,2014-02-05,-0.000323971647835819
198,2014-02-07,0.02301707576389589
199,2014-02-10,-0.00019337657749574078
200,2014-02-11,0.009918387890440528
201,2014-02-12,0.0004600261000700101
202,2014-02-13,0.002550333429498508
203,2014-02-14,0.009420982022289692
204,2014-02-17,0.0014961233865129486
205,2014-02-18,-0.004245215865108065
206,2014-02-19,-0.003722528017487292
207,2014-02-20,0.004627059553509838
208,2014-02-21,-0.0008747976785645761
209,2014-02-24,0.005945423566057428
210,2014-02-25,0.00032476751090193545
211,2014-02-26,-0.0007345174164417045
212,2014-02-27,0.004616702192567601
213,2014-02-28,0.003952127219644552
214,2014-03-03,-0.010320011063676304
215,2014-03-04,0.01272050820967685
216,2014-03-05,-0.0007693190226696345
217,2014-03-06,0.003988473045955843
218,2014-03-07,0.0009842557601285051
219,2014-03-10,-0.002510123505004458
220,2014-03-11,-0.0051040463923968105
221,2014-03-12,0.0019884452995064805
222,2014-03-13,-0.01431345075475754
223,2014-03-14,-0.0040399771114909555
224,2014-03-17,0.011222126882382
225,2014-03-18,0.006138490655615669
226,2014-03-19,-0.007280200957223926
227,2014-03-20,0.006359369491255151
228,2014-03-21,-0.0010254361760129171
229,2014-03-24,-0.0007581992423499884
230,2014-03-25,0.006277859351973447
231,2014-03-26,-0.007248670591572193
232,2014-03-27,-0.0007083638447102913
233,2014-03-28,0.002887886675576823
234,2014-03-31,0.008229685191460945
235,2014-04-01,0.00449616162869404
236,2014-04-02,0.0019680518183413653
237,2014-04-03,0.001948391549481343
238,2014-04-04,-0.008782913191412334
239,2014-04-07,-0.010530282770590205
240,2014-04-08,-0.0008434162403467838
241,2014-04-09,0.011664119797181627
242,2014-04-10,-0.01597956478935103
243,2014-04-11,-0.008657127464765324
244,2014-04-14,0.007762663347756771
245,2014-04-15,0.007647581649289137
246,2014-04-16,0.0040905548011416215
247,2014-04-17,0.0025607589675740172
248,2014-04-21,0.002022799528903718
249,2014-04-22,0.005235259061572961
250,2014-04-23,0.001644305598615503
251,2014-04-24,-0.005246920167756741
252,2014-04-25,-0.0046752143012849245
253,2014-04-28,0.005168434087689633
254,2014-04-29,0.003033687040124633
255,2014-04-30,0.0038161856022913554
256,2014-05-01,-0.0017917216437748351
257,2014-05-02,-0.003251534695687397
258,2014-05-05,0.0011889423657187592
259,2014-05-06,-0.006803351927036516
260,2014-05-07,0.006115884069201272
261,2014-05-08,0.0014360914787001633
262,2014-05-09,0.002568969303888835
263,2014-05-12,0.007875182912602696
264,2014-05-13,-3.902214105977464e-05
265,2014-05-14,-0.005946733951521566
266,2014-05-15,-0.00965950200784782
267,2014-05-16,0.0024899352809164554
268,2014-05-18,0.0005759262158857581
269,2014-05-19,0.00012278094368056713
270,2014-05-20,-0.00886816545093616
271,2014-05-21,0.009908289540716098
272,2014-05-22,0.001820352262758007
273,2014-05-23,0.0035691398458581602
274,2014-05-25,0.000627257264083525
275,2014-05-26,0.001615897470019334
276,2014-05-27,0.0015579286036455642
277,2014-05-28,-0.002061609353534166
278,2014-05-29,0.0026484220594156227
279,2014-05-30,0.001370346454958593
280,2014-06-01,0.0007209316589662507
281,2014-06-02,0.0006071254174333518
282,2014-06-03,-0.00044849088951792737
283,2014-06-04,0.0005335020830088411
284,2014-06-05,0.00619214110146693
285,2014-06-06,0.006372306435055819
286,2014-06-08,-0.0003420418027548777
287,2014-06-09,-2.3149468679761753e-05
288,2014-06-10,0.00022113820959468455
289,2014-06-11,-0.004883907998149084
290,2014-06-12,-0.007701493704940887
291,2014-06-13,0.0024868067731862453
292,2014-06-15,-0.0024148817968256964
293,2014-06-16,0.0029403060329258324
294,2014-06-17,0.001226802688432116
295,2014-06-18,0.00527979142339241
296,2014-06-19,0.0007755300425866807
297,2014-06-20,0.0025950096175098025
298,2014-06-22,2.24292653250302e-06
299,2014-06-23,-0.001709860788619011
300,2014-06-24,-0.00524733971456115
301,2014-06-25,0.001985817653526567
302,2014-06-26,-0.0006709984331862984
303,2014-06-27,-0.0006537484779798319
304,2014-06-29,0.0006463880222771223
305,2014-06-30,-0.0005667396652757617
306,2014-07-01,0.007253885715053698
307,2014-07-02,0.0004778997684571351
308,2014-07-03,0.005149947750863859
309,2014-07-04,-0.00023713678206327415
310,2014-07-06,0.00016783110530305123
311,2014-07-07,-0.002442836749789734
312,2014-07-08,-0.005173215574288292
313,2014-07-09,0.003266878928588568
314,2014-07-10,-0.004138223909428973
315,2014-07-11,0.0026357658296767283
316,2014-07-13,0.0005525526423966198
317,2014-07-14,0.005260788611431977
318,2014-07-15,0.0009578118688935433
319,2014-07-16,0.0024185172734938476
320,2014-07-17,-0.009208662265336898
321,2014-07-18,0.008155353856587055
322,2014-07-20,-0.00012227761914118673
323,2014-07-21,-0.002724170243794788
324,2014-07-22,0.002702755495411324
325,2014-07-23,-2.890478652339823e-05
326,2014-07-24,-0.0022187397905515382
327,2014-07-25,-0.005803535311288854
328,2014-07-27,-0.0014968321879269553
329,2014-07-28,0.0032952242916266528
330,2014-07-29,-0.0036670347971021755
331,2014-07-30,-0.0029562968049958727
332,2014-07-31,-0.018458403989878747
333,2014-08-01,-0.0051382075004102745
334,2014-08-03,0.0013391339803252578
335,2014-08-04,0.002816921426472163
336,2014-08-05,-0.007458054998622288
337,2014-08-06,0.0016860671347274092
338,2014-08-07,-0.004525876490403036
339,2014-08-08,0.009391024282544791
340,2014-08-10,0.0017514523182917685
341,2014-08-11,0.0008432961717304011
342,2014-08-12,-0.0003581872433127131
343,2014-08-13,0.005048501506196956
344,2014-08-14,0.003122620557828526
345,2014-08-15,-0.002327115560056825
346,2014-08-17,0.002990337125405418
347,2014-08-18,0.0076036440535389715
348,2014-08-19,0.003430527980718523
349,2014-08-20,0.0050407383043413745
350,2014-08-21,0.003152563753971549
351,2014-08-22,-0.0012066483729835653
352,2014-08-25,0.00327153932525448
353,2014-08-26,0.0022961825767939814
354,2014-08-27,-0.0007589028980845569
355,2014-08-28,-0.00011735872021922944
356,2014-08-29,-0.0013286281785891418
357,2014-08-31,0.0008009577738032903
358,2014-09-01,-2.9898543594697458e-05
359,2014-09-02,-0.0013770033288071915
360,2014-09-03,0.0002676095662721423
361,2014-09-04,0.001764499474983694
362,2014-09-05,0.001948098177532387
363,2014-09-07,-0.0004947117170619464
364,2014-09-08,-0.0012342558165698847
365,2014-09-09,-0.005325973838697706
366,2014-09-10,0.0022507172692574073
367,2014-09-11,-0.0004993241514235081
368,2014-09-12,-0.0035151612897355022
369,2014-09-14,-0.003139516347120619
370,2014-09-15,0.0060755060086084
371,2014-09-16,0.0060391671243511524
372,2014-09-17,0.0012678307502937969
373,2014-09-18,0.00790712875412325
374,2014-09-19,-0.0011560747763326162
375,2014-09-21,0.0008257140217580172
376,2014-09-22,-0.006880559099910144
377,2014-09-23,-0.007251152673568129
378,2014-09-24,0.010034171113076695
379,2014-09-25,-0.012313608980766944
380,2014-09-26,0.006228226889435362
381,2014-09-28,-0.0018297570133523067
382,2014-09-29,-0.0012939842615971031
383,2014-09-30,-0.002467904789499542
384,2014-10-01,-0.011818977154037569
385,2014-10-02,-0.0002253553295208377
386,2014-10-03,0.011128271013287616
387,2014-10-05,0.0012138475542649019
388,2014-10-06,-0.003380309106663759
389,2014-10-07,-0.014326139286406914
390,2014-10-08,0.01430274116000696
391,2014-10-09,-0.02007897877629894
392,2014-10-10,-0.007296988559405193
393,2014-10-12,-0.003225603258808718
394,2014-10-13,-0.006015154904144282
395,2014-10-14,0.0021981780194906264
396,2014-10-15,-0.018673750888188678
397,2014-10-16,0.003071107186491062
398,2014-10-17,0.01575056239597039
399,2014-10-19,0.004380173197725767
400,2014-10-20,-0.004656204111645579
401,2014-10-21,0.013156032973807186
402,2014-10-22,-0.005796852680060027
403,2014-10-23,0.011128027165570487
404,2014-10-24,0.00702475885788445
405,2014-10-26,0.001519033385722679
406,2014-10-27,-0.0002543088949789052
407,2014-10-28,0.008942030790541011
408,2014-10-29,-0.0005254849727638344
409,2014-10-30,0.012591944048075732
410,2014-10-31,0.009909049872753428
411,2014-11-02,0.0007089624808500616
412,2014-11-03,-0.0021841667487745298
413,2014-11-04,0.0009330832030087777
414,2014-11-05,0.006142301783240711
415,2014-11-06,0.0053708453387653066
416,2014-11-07,0.0002430803001640669
417,2014-11-09,0.00013421560324644588
418,2014-11-10,0.0017109365270986387
419,2014-11-11,0.00040560084335972135
420,2014-11-12,0.00017504462020667688
421,2014-11-13,0.0026126500411756126
422,2014-11-14,-0.00025092648274771534
423,2014-11-16,-0.0013952405009138857
424,2014-11-17,0.0014725425418440352
425,2014-11-18,0.0018783472561345604
426,2014-11-19,0.0004402012623270224
427,2014-11-20,0.001391545607480893
428,2014-11-21,0.005159510286494751
429,2014-11-23,0.00049625497550565
430,2014-11-24,0.0005678892096305788
431,2014-11-25,0.0008887910590544834
432,2014-11-26,-0.000389867039420011
433,2014-11-27,-0.00010398274097767057
434,2014-11-28,-0.0003921357479459431
435,2014-11-30,-0.003216147768387856
436,2014-12-01,0.00032137159646694613
437,2014-12-02,0.00591669563483066
438,2014-12-03,0.0016069625631356388
439,2014-12-04,-0.0002948830495022037
440,2014-12-05,0.0036204368567762657
441,2014-12-07,-0.00024028322805058622
442,2014-12-08,-0.004807478716537972
443,2014-12-09,-0.004624232666756711
444,2014-12-10,-0.014580428995989436
445,2014-12-11,0.0009603655177468085
446,2014-12-12,-0.016809103848826723
447,2014-12-14,-0.0007732666692117363
448,2014-12-15,-0.001385781557475596
449,2014-12-16,-0.007184065002199702
450,2014-12-17,0.014241700709828109
451,2014-12-18,0.02494377534012493
452,2014-12-19,0.0003345157061698245
453,2014-12-21,0.0011797797691546208
454,2014-12-22,0.007424627632930836
455,2014-12-23,0.004764669882694861
456,2014-12-24,0.00017827931223379778
457,2014-12-26,0.0023330595801009935
458,2014-12-28,-0.0002884497533841568
459,2014-12-29,-0.0010812645733633275
460,2014-12-30,-0.0019350033796374788
461,2014-12-31,-0.0035657012575978086
462,2015-01-02,-0.008198998404679969
463,2015-01-04,-0.002908391277401279
464,2015-01-05,-0.010668707053220317
465,2015-01-06,-0.010329474456840515
466,2015-01-07,0.012460931160912736
467,2015-01-08,0.016181472490192306
468,2015-01-09,-0.009522475197140778
469,2015-01-11,-0.0006972840058043772
470,2015-01-12,-0.0022986220091461007
471,2015-01-13,-0.0028322973410652708
472,2015-01-14,-0.008676826832369144
473,2015-01-15,-0.010763919213125916
474,2015-01-16,0.013117000645562982
475,2015-01-18,-0.0011164742027709451
476,2015-01-19,-0.000490030016063514
477,2015-01-20,0.0013739939113204258
478,2015-01-21,0.003512173909367533
479,2015-01-22,0.013622920281701312
480,2015-01-23,-0.008588016589646585
481,2015-01-25,-0.00805503559377918
482,2015-01-26,0.009735525426503244
483,2015-01-27,-0.013281213067513065
484,2015-01-28,-0.012735270373347873
485,2015-01-29,0.014272244760404007
486,2015-01-30,-0.017107516636851727
487,2015-02-01,-0.0010144068888138236
488,2015-02-02,0.011195532965523114
489,2015-02-03,0.016528633029404105
490,2015-02-04,-0.003729326332367222
491,2015-02-05,0.015175882034327515
492,2015-02-06,0.0004951304662323963
493,2015-02-08,-0.004118485777736325
494,2015-02-09,-0.0011871129000109448
495,2015-02-10,0.004405530726613094
496,2015-02-11,0.0018534432279988522
497,2015-02-12,0.004334085005124777
498,2015-02-13,0.0035045450957493784
499,2015-02-15,-0.0014029356595450793
500,2015-02-16,-0.002046559609132359
501,2015-02-17,0.004950930947053678
502,2015-02-18,-0.0015164830803300333
503,2015-02-19,-0.0014955970756656
504,2015-02-20,0.008151606007961831
505,2015-02-22,-6.861832482663033e-05
506,2015-02-23,-0.0016472041299255835
507,2015-02-24,0.006008881623325024
508,2015-02-25,-0.0006097018149375799
509,2015-02-26,-5.85834703876742e-05
510,2015-02-27,-0.0020956529982871785
511,2015-03-01,0.0007697379213915667
512,2015-03-02,0.004789899250230434
513,2015-03-03,-0.003184122442874582
514,2015-03-04,-0.006222944352570536
515,2015-03-05,0.0022124006680730446
516,2015-03-06,-0.014237145598857026
517,2015-03-08,-0.0006002906594435586
518,2015-03-09,0.006025542211272494
519,2015-03-10,-0.014686655085723643
520,2015-03-11,-0.0032241531373156107
521,2015-03-12,0.013281805862972007
522,2015-03-13,-0.00807057932844124
523,2015-03-16,0.010191002060420118
524,2015-03-17,-0.0034607522512750677
525,2015-03-18,0.012848586306288823
526,2015-03-19,-0.006043827517654421
527,2015-03-20,0.007178265609322665
528,2015-03-22,0.0020034015153953533
529,2015-03-23,-0.002035422333788617
530,2015-03-24,-0.004590952887632227
531,2015-03-25,-0.015829149039184642
532,2015-03-26,-0.0026428369463182833
533,2015-03-27,0.0007107090836235841
534,2015-03-29,-0.0008298689339341081
535,2015-03-30,0.014416879280251038
536,2015-03-31,-0.009908994700973395
537,2015-04-01,-0.004804687664138996
538,2015-04-02,0.0040792513210980985
539,2015-04-05,-0.007757711461868766
540,2015-04-06,0.014030171372901634
541,2015-04-07,-0.00044637864739272004
542,2015-04-08,0.002631696143945206
543,2015-04-09,0.002455425143553569
544,2015-04-10,0.005448867011068614
545,2015-04-12,-1.4065894729853312e-05
546,2015-04-13,-0.0034357273143292844
547,2015-04-14,0.0022767158046139713
548,2015-04-15,0.0040359059700723066
549,2015-04-16,0.00010347475297045605
550,2015-04-17,-0.014776052514445581
551,2015-04-20,0.010311284330422055
552,2015-04-21,-0.00428219692620857
553,2015-04-22,0.004551253577620429
554,2015-04-23,0.001892938535080546
555,2015-04-24,0.0006649153620319481
556,2015-04-27,-0.0020527641595009527
557,2015-04-28,0.003646892042434402
558,2015-04-29,-0.004260715869440546
559,2015-04-30,-0.010873963207162163
560,2015-05-01,0.009653567462757806
561,2015-05-04,0.0030547602942476715
562,2015-05-05,-0.007785046736701773
563,2015-05-06,-0.0050345614815174855
564,2015-05-07,0.005038354667849632
565,2015-05-08,0.014231007652988126
566,2015-05-11,-0.004514002761053959
567,2015-05-12,-0.002337117031061098
568,2015-05-13,0.00022589182103516237
569,2015-05-14,0.009758098547935745
570,2015-05-15,0.0013694427771540063
571,2015-05-18,0.0013177625616869193
572,2015-05-19,0.001077003379242214
573,2015-05-20,-0.001196802810749631
574,2015-05-21,0.00011794049016522479
575,2015-05-22,-0.003032648071531696
576,2015-05-25,4.771143204962414e-06
577,2015-05-26,-0.010255722787913868
578,2015-05-27,0.0064010157935907586
579,2015-05-28,-0.002289219617788163
580,2015-05-29,-0.006202284238183253
581,2015-06-01,0.001491315197831966
582,2015-06-02,-0.0014936471189272993
583,2015-06-03,0.003938847037881388
584,2015-06-04,-0.009170353638404904
585,2015-06-05,-0.004085321884840454
586,2015-06-08,-0.004064491195785891
587,2015-06-09,-0.0007111110109860874
588,2015-06-10,0.013142220128408155
589,2015-06-11,0.002956039469886207
590,2015-06-12,-0.00826717301774238
591,2015-06-15,-0.005977223450960523
592,2015-06-16,0.006104600599226018
593,2015-06-17,0.001847768437773567
594,2015-06-18,0.010262514884640694
595,2015-06-19,-0.006417702576641204
596,2015-06-22,0.006312613070807771
597,2015-06-23,0.0009839536910636326
598,2015-06-24,-0.009408785565703681
599,2015-06-25,-0.004630981971132542
600,2015-06-26,0.003462135312910064
601,2015-06-29,-0.019867752165582786
602,2015-06-30,5.479933609997545e-05
603,2015-07-01,0.009106634092185928
604,2015-07-02,-0.0018032489631849558
605,2015-07-03,-0.00113083088192667
606,2015-07-06,-0.0008480584732080132
607,2015-07-07,0.005365135512132468
608,2015-07-08,-0.01433771864167177
609,2015-07-09,0.0005693307471972275
610,2015-07-10,0.01263873570746199
611,2015-07-13,0.01193808164150667
612,2015-07-14,0.004313208156634829
613,2015-07-15,-0.00012414964640861115
614,2015-07-16,0.003885806749847731
615,2015-07-17,-0.002162718227266325
616,2015-07-20,0.0008351228847338632
617,2015-07-21,-0.009714187138293084
618,2015-07-22,-0.003697306839052672
619,2015-07-23,-0.006452869616394352
620,2015-07-24,-0.009347899937459658
621,2015-07-27,-0.0070810265158769425
622,2015-07-28,0.010264245472487943
623,2015-07-29,0.005933312525044698
624,2015-07-30,0.000649488637208151
625,2015-07-31,-0.003197289626601929
626,2015-08-03,-0.005392234914648242
627,2015-08-04,-0.002547739168248242
628,2015-08-05,-0.0001107699945954721
629,2015-08-06,-0.007725227904501253
630,2015-08-07,-0.002124530232396893
631,2015-08-10,0.01349336794634759
632,2015-08-11,-0.011827830381026416
633,2015-08-12,-0.00040281884086468267
634,2015-08-13,0.0012033201918857372
635,2015-08-14,0.002987929767868991
636,2015-08-17,0.004226134867476361
637,2015-08-18,-0.0018791228989876174
638,2015-08-19,-0.009822254130950725
639,2015-08-20,-0.020345565596750603
640,2015-08-21,-0.03173197955355889
641,2015-08-24,-0.03884832525495341
642,2015-08-25,-0.011186997089668083
643,2015-08-26,0.039911847899665176
644,2015-08-27,0.022973582786358193
645,2015-08-28,-0.002457572791261242
646,2015-08-31,-0.006509019277542549
647,2015-09-01,-0.030599897215440208
648,2015-09-02,0.01971768320720635
649,2015-09-03,0.0012265674560403284
650,2015-09-04,-0.016088091248363412
651,2015-09-07,0.004721648458106742
652,2015-09-08,0.018686353855025928
653,2015-09-09,-0.014516610341821945
654,2015-09-10,0.004954873854753572
655,2015-09-11,0.0055280306487688335
656,2015-09-14,-0.003293353755083217
657,2015-09-15,0.014216228572278666
658,2015-09-16,0.008234161694625541
659,2015-09-17,-0.0037189975504361428
660,2015-09-18,-0.018294143445963584
661,2015-09-21,0.00819469025397801
662,2015-09-22,-0.011292415852000914
663,2015-09-23,-0.002717451820902994
664,2015-09-24,-0.004741318364503755
665,2015-09-25,0.006923507565346654
666,2015-09-28,-0.01898003918653579
667,2015-09-29,0.0023059362842570152
668,2015-09-30,0.014032570821555623
669,2015-10-01,-0.00036579420762095083
670,2015-10-02,0.012411670046871492
671,2015-10-05,0.01810568129082668
672,2015-10-06,0.0010437148897857185
673,2015-10-07,0.00711515007161978
674,2015-10-08,0.00833611039576887
675,2015-10-09,0.002241705508392755
676,2015-10-12,0.0023145269485560505
677,2015-10-13,-0.0027474657032673377
678,2015-10-14,-0.009173689330841839
679,2015-10-15,0.013150361635899444
680,2015-10-16,0.0036388948591898895
681,2015-10-19,0.0012277095233113045
682,2015-10-20,-0.00010295773077650949
683,2015-10-21,-0.003278361901065452
684,2015-10-22,0.018335632247371336
685,2015-10-23,0.008991761345985338
686,2015-10-26,-0.0015927019108676888
687,2015-10-27,-0.0021467033357165377
688,2015-10-28,0.010849318202447833
689,2015-10-29,-0.0012279975030953239
690,2015-10-30,-0.004857614828326362
691,2015-11-02,0.008243476885347434
692,2015-11-03,0.00822774790132641
693,2015-11-04,-0.0040615537233819055
694,2015-11-05,-0.002329244441893863
695,2015-11-06,0.00352355182363695
696,2015-11-09,-0.010223770386236453
697,2015-11-10,0.0021537406648128865
698,2015-11-11,-0.0037523197803519537
699,2015-11-12,-0.01425937152427359
700,2015-11-13,-0.011761670007306435
701,2015-11-16,0.013328369598449186
702,2015-11-17,0.0005502276192093092
703,2015-11-18,0.01436812674148058
704,2015-11-19,-0.0002906631162513662
705,2015-11-20,0.005126709766910764
706,2015-11-23,-0.002018319775460853
707,2015-11-24,0.0015665763468195593
708,2015-11-25,-0.00010603495217331727
709,2015-11-26,0.003920297688353003
710,2015-11-27,-0.004720272414862947
711,2015-11-30,-0.003958680347682986
712,2015-12-01,0.008850600724294111
713,2015-12-02,-0.00887485456339654
714,2015-12-03,-0.014321187026986593
715,2015-12-04,0.02081628764343435
716,2015-12-07,-0.006159209086625594
717,2015-12-08,-0.009399834029988341
718,2015-12-09,-0.004393731658650424
719,2015-12-10,0.004785880392015329
720,2015-12-11,-0.01831842044929033
721,2015-12-14,0.006648657023442084
722,2015-12-15,0.009335091720219069
723,2015-12-16,0.01224908406227776
724,2015-12-17,-0.013977878258510046
725,2015-12-18,-0.021860105545380648
726,2015-12-21,0.007084236006283717
727,2015-12-22,0.009697868498353301
728,2015-12-23,0.010731759722895973
729,2015-12-24,-0.003348508333118616
730,2015-12-28,-0.001201463446644624
731,2015-12-29,0.011463315439891986
732,2015-12-30,-0.007081389366229374
733,2015-12-31,-0.0027873791137640325
734,2016-01-04,-0.023449635661673796
735,2016-01-05,0.0006727361659315534
736,2016-01-06,-0.014483255631516201
737,2016-01-07,-0.023758522703023033
738,2016-01-08,-0.010535099509699108
739,2016-01-11,0.0031855236352704708
740,2016-01-12,0.007042496251298047
741,2016-01-13,-0.02192248933000407
742,2016-01-14,0.013468552743873374
743,2016-01-15,-0.02398465627751456
744,2016-01-18,0.0005546319825011636
745,2016-01-19,0.001691459546890428
746,2016-01-20,-0.015415258905665752
747,2016-01-21,0.006507557099199701
748,2016-01-22,0.013834584998839716
749,2016-01-25,-0.012628182490358242
750,2016-01-26,0.017084569232316937
751,2016-01-27,-0.014079839185241028
752,2016-01-28,0.007817335126803826
753,2016-01-29,0.023310515556840272
754,2016-02-01,-6.232762802405034e-05
755,2016-02-02,-0.017475664185077733
756,2016-02-03,0.010948661844469854
757,2016-02-04,0.005102015283966921
758,2016-02-05,-0.013706205667926241
759,2016-02-08,-0.010639134420760143
760,2016-02-09,-0.00041028058612369023
761,2016-02-10,-0.0064830598909786374
762,2016-02-11,-0.016883226623619407
763,2016-02-12,0.020119865060559405
764,2016-02-15,0.012138414858098301
765,2016-02-16,0.0016286325861774031
766,2016-02-17,0.015962584022803483
767,2016-02-18,-0.0021591309623349986
768,2016-02-19,-0.001739016239460156
769,2016-02-22,0.013687808540684188
770,2016-02-23,-0.010910727290589506
771,2016-02-24,0.0031307996193330467
772,2016-02-25,0.012710728332629984
773,2016-02-26,-0.003232773073937878
774,2016-02-29,-0.008537120188069736
775,2016-03-01,0.02123302002887506
776,2016-03-02,0.0023048945509529517
777,2016-03-03,0.0029022385102237536
778,2016-03-04,0.0037617022214817553
779,2016-03-07,0.0035584628353984016
780,2016-03-08,-0.005787851817444789
781,2016-03-09,0.0015558624062190773
782,2016-03-10,0.0002065359758276486
783,2016-03-11,0.012395634453035598
784,2016-03-14,0.001016662749501407
785,2016-03-15,0.0014278195613837141
786,2016-03-16,0.004189355946092377
787,2016-03-17,0.009223047428278619
788,2016-03-18,0.005940368908335714
789,2016-03-21,0.0019955537801141787
790,2016-03-22,-0.0019491584736730516
791,2016-03-23,-0.004468477053654496
792,2016-03-24,0.00027831687337709354
793,2016-03-28,0.001200203255368848
794,2016-03-29,0.005800416612144588
795,2016-03-30,0.004473394264733699
796,2016-03-31,-0.0016945005954074333
797,2016-04-01,0.005914129433410409
798,2016-04-04,-0.003043032154163683
799,2016-04-05,-0.007637291937944823
800,2016-04-06,0.006227276000540627
801,2016-04-07,-0.009526435010746681
802,2016-04-08,0.001855683116264828
803,2016-04-11,-0.001173267456954008
804,2016-04-12,0.008903465991306092
805,2016-04-13,0.010553473053247941
806,2016-04-14,0.001174943876486978
807,2016-04-15,-0.0019260991300793506
808,2016-04-18,0.006154748348688344
809,2016-04-19,0.003058740327237075
810,2016-04-20,0.002677265510675042
811,2016-04-21,-0.0062024785254592985
812,2016-04-22,0.0006956836667004751
813,2016-04-25,-0.0015236888150518269
814,2016-04-26,0.0007193859237197842
815,2016-04-27,0.0031358118863007434
816,2016-04-28,-0.011623700886632449
817,2016-04-29,-0.0034357289273412306
818,2016-05-02,0.006235337607236602
819,2016-05-03,-0.007636016489813713
820,2016-05-04,-0.005675617335674232
821,2016-05-05,0.0004819257274011335
822,2016-05-06,0.004432234884719222
823,2016-05-09,-0.0014946722334290286
824,2016-05-10,0.012066568469768058
825,2016-05-11,-0.011753016159486762
826,2016-05-12,0.00036672128391579406
827,2016-05-13,-0.010548414764869563
828,2016-05-16,0.009469029917845262
829,2016-05-17,-0.009839982996021845
830,2016-05-18,-0.00031277061731138645
831,2016-05-19,-0.005417375276383751
832,2016-05-20,0.00403675269549808
833,2016-05-23,-0.0002453972876654831
834,2016-05-24,0.011811139788493463
835,2016-05-25,0.008045549916555927
836,2016-05-26,-0.001010490036822631
837,2016-05-27,0.002097595191877133
838,2016-05-30,0.0025818097279284302
839,2016-05-31,-0.008306901478242423
840,2016-06-01,0.0009283412064675645
841,2016-06-02,0.0028685292058412415
842,2016-06-03,-0.0015090545699845137
843,2016-06-06,0.006430389894534372
844,2016-06-07,0.001340963518517313
845,2016-06-08,0.003224249098725096
846,2016-06-09,-0.0008898596001820636
847,2016-06-10,-0.006469452939660059
848,2016-06-13,-0.0074721124891521384
849,2016-06-14,-0.0036918497254241345
850,2016-06-15,-0.001305043554683749
851,2016-06-16,0.004321798677779043
852,2016-06-17,-0.003272963530426054
853,2016-06-20,0.007808648666747686
854,2016-06-21,0.001035607525095017
855,2016-06-22,-0.002470974012066307
856,2016-06-23,0.01266241949638669
857,2016-06-24,-0.034310530466603595
858,2016-06-27,-0.014980723602988633
859,2016-06-28,0.015139569440046685
860,2016-06-29,0.016364033125629618
861,2016-06-30,0.012579647150360529
862,2016-07-01,0.00203037919074589
863,2016-07-04,0.0012990363337070931
864,2016-07-05,-0.007528599279909898
865,2016-07-06,0.0038383179427281533
866,2016-07-07,-0.0009859954755331302
867,2016-07-08,0.013773422774795208
868,2016-07-11,0.0047792859494517614
869,2016-07-12,0.006843807308758443
870,2016-07-13,0.0010618941423690131
871,2016-07-14,0.007430601004918103
872,2016-07-15,0.0004332379411415843
873,2016-07-18,0.0008295381254139755
874,2016-07-19,0.0016204829963566425
875,2016-07-20,0.0017250698622053307
876,2016-07-21,-0.004124156392272482
877,2016-07-22,0.0025606133783036
878,2016-07-25,-0.003613428735004476
879,2016-07-26,-0.0010848313039151236
880,2016-07-27,-0.00013105140787494918
881,2016-07-28,-0.0011159587110061153
882,2016-07-29,-0.0012719003743164592
883,2016-08-01,-0.0012808551774554644
884,2016-08-02,-0.005007296868004829
885,2016-08-03,0.0016108457360548556
886,2016-08-04,0.000566668027145667
887,2016-08-05,0.009654920233945319
888,2016-08-08,-0.000183872424464937
889,2016-08-09,-4.679653055639221e-05
890,2016-08-10,-0.0017946007111806495
891,2016-08-11,0.006333853930138744
892,2016-08-12,-0.002119609644356757
893,2016-08-15,0.0033332170804101224
894,2016-08-16,-0.004253654231799686
895,2016-08-17,0.0007813431207210897
896,2016-08-18,0.0011832160396370028
897,2016-08-19,-0.0022021054522092243
898,2016-08-22,-0.0010048189542128938
899,2016-08-23,0.0009707482378491505
900,2016-08-24,-0.0031784205360114726
901,2016-08-25,-0.0015753480445948043
902,2016-08-26,-0.0032583660837612882
903,2016-08-29,0.0055016728915600055
904,2016-08-30,-0.002511741144616053
905,2016-08-31,-0.0033093077988688435
906,2016-09-01,0.0008440922442858323
907,2016-09-02,0.004038281376821828
908,2016-09-05,0.00048675042006252056
909,2016-09-06,0.002376264108686854
910,2016-09-07,-0.0011334217068323937
911,2016-09-08,-0.002351896676815457
912,2016-09-09,-0.021143282069690628
913,2016-09-12,0.012690407819507143
914,2016-09-13,-0.013879783089130626
915,2016-09-14,-0.0021333525834670297
916,2016-09-15,0.00979792858481865
917,2016-09-16,-0.004983512399412859
918,2016-09-19,0.00022079356608806222
919,2016-09-20,0.0007723938025350208
920,2016-09-21,0.008675850735304635
921,2016-09-22,0.0050173885983966215
922,2016-09-23,-0.006330354295421614
923,2016-09-26,-0.008991180835558055
924,2016-09-27,0.006963557342295701
925,2016-09-28,0.005634289235176837
926,2016-09-29,-0.009977348854071977
927,2016-09-30,0.00836688606853464
928,2016-10-03,-0.002598580613895507
929,2016-10-04,-0.005024799531270219
930,2016-10-05,0.0060376265599799694
931,2016-10-06,-0.00046525073283021356
932,2016-10-07,-0.0016985785895755612
933,2016-10-10,0.005175219911087936
934,2016-10-11,-0.010646860290638216
935,2016-10-12,0.0003031803442610226
936,2016-10-13,-0.0020969057682389547
937,2016-10-14,0.0020969057682389547
938,2016-10-17,-0.002925865465821076
939,2016-10-18,0.0036422936582027887
940,2016-10-19,0.002640578100820079
941,2016-10-20,-0.0021173990548177812
942,2016-10-21,-0.001267170301433751
943,2016-10-24,0.004235841478930524
944,2016-10-25,-0.0023907389258930323
945,2016-10-26,0.0014845796171076842
946,2016-10-27,-0.001347025915926281
947,2016-10-28,-0.0004402935041927236
948,2016-10-31,-0.0012465405134953755
949,2016-11-01,-0.006100907069617634
950,2016-11-02,-0.003972232577412527
951,2016-11-03,-0.0017013962241421154
952,2016-11-04,-0.0026095004198527505
953,2016-11-07,0.020599560251501003
954,2016-11-08,0.003990173083403548
955,2016-11-09,0.01397603633994926
956,2016-11-10,0.011499262977308078
957,2016-11-11,0.0021514273664138273
958,2016-11-14,0.0013571599417918634
959,2016-11-15,0.002633757964819239
960,2016-11-16,-0.002824178478068262
961,2016-11-17,0.001641734826248964
962,2016-11-18,-0.0016682365195226367
963,2016-11-21,0.004257752051620045
964,2016-11-22,0.0039769404815626075
965,2016-11-23,0.0029133542423807057
966,2016-11-24,0.0032403726519518727
967,2016-11-25,0.0005300088578152895
968,2016-11-28,-0.0025394046498217193
969,2016-11-29,0.0012295157064041717
970,2016-11-30,0.0007578838970037083
971,2016-12-01,0.0025308253521760804
972,2016-12-02,-0.0007037613305627133
973,2016-12-05,0.0021359770600408723
974,2016-12-06,0.001741817083019015
975,2016-12-07,0.014595109399284212
976,2016-12-08,0.004036442294736986
977,2016-12-09,0.0071469670351991255
978,2016-12-12,0.0017370810891375044
979,2016-12-13,0.005971228945741203
980,2016-12-14,-0.005162952421366995
981,2016-12-15,0.002471444861974703
982,2016-12-16,-0.0005542323038287833
983,2016-12-19,0.0023409609522229147
984,2016-12-20,0.00396468063768296
985,2016-12-21,-0.0010523194203742037
986,2016-12-22,-0.0011789661783243588
987,2016-12-23,0.00022581691774803403
988,2016-12-27,0.0007024217734628024
989,2016-12-28,-0.0051286612868324255
990,2016-12-29,-0.0008320549859206494
991,2016-12-30,-0.002197107694032141
992,2017-01-03,0.005068722864075781
993,2017-01-04,0.0028884236790567286
994,2017-01-05,-0.0019330984454999367
995,2017-01-06,0.0034368728631157808
996,2017-01-09,-0.0034116934655603615
997,2017-01-10,-0.0016850500347391772
998,2017-01-11,0.0043451138965853175
999,2017-01-12,-0.003162816936855606
1000,2017-01-13,-0.0001760057058550757
1001,2017-01-16,-0.0012832631706878317
1002,2017-01-17,-0.0016127028816583788
1003,2017-01-18,-0.0011606882656067796
1004,2017-01-19,-0.0033383659045984615
1005,2017-01-20,0.004221608750642147
1006,2017-01-23,-0.0009337403219369378
1007,2017-01-24,0.005464158731006918
1008,2017-01-25,0.007953831912892895
1009,2017-01-26,0.0014189749709654365
1010,2017-01-27,-0.00044789559247604416
1011,2017-01-30,-0.006542182882659731
1012,2017-01-31,-0.00479642061577934
1013,2017-02-01,0.0010567355616650786
1014,2017-02-02,-5.02917689715332e-08
1015,2017-02-03,0.008712701958058844
1016,2017-02-06,-0.00012459664718456054
1017,2017-02-07,0.001544519580400916
1018,2017-02-08,-0.001968483824937195
1019,2017-02-09,0.005968097736746003
1020,2017-02-10,0.005217740006413507
1021,2017-02-13,0.006833189747805335
1022,2017-02-14,0.004326424982590282
1023,2017-02-15,0.005375776377544383
1024,2017-02-16,0.00048507262730801415
1025,2017-02-17,-0.0001915755738757241
1026,2017-02-20,0.0021699310742686606
1027,2017-02-21,0.003028325867298065
1028,2017-02-22,0.0020968189117880343
1029,2017-02-23,0.0018281128258479384
1030,2017-02-24,0.0003604652294253441
1031,2017-02-27,0.0007444027434164724
1032,2017-02-28,-0.000768426513497289
1033,2017-03-01,0.014145694956763322
1034,2017-03-02,-0.005391368716232137
1035,2017-03-03,-7.144653856272498e-05
1036,2017-03-06,-0.0018355435803254494
1037,2017-03-07,-0.0016477049841459035
1038,2017-03-08,-0.0032315961797682036
1039,2017-03-09,0.00014380265601232622
1040,2017-03-10,0.0019639350998019722
1041,2017-03-13,-0.0010533614613184028
1042,2017-03-14,-0.0018548031995759828
1043,2017-03-15,0.004963668166436008
1044,2017-03-16,-0.0005971085126894593
1045,2017-03-17,-0.0007073899502163528
1046,2017-03-20,-0.0003682568389127283
1047,2017-03-21,-0.011474121913211732
1048,2017-03-22,-0.0002661121574156766
1049,2017-03-23,-0.0003873175318016564
1050,2017-03-24,-0.002205449962394468
1051,2017-03-27,-0.0029156930427749472
1052,2017-03-28,0.00737005007781022
1053,2017-03-29,-0.0022731163738658466
1054,2017-03-30,0.0033112745088903495
1055,2017-03-31,-0.003069207866664314
1056,2017-04-03,-0.0004357621541650758
1057,2017-04-04,0.0017757992101774533
1058,2017-04-05,-0.0018483962687607658
1059,2017-04-06,0.000726169102264862
1060,2017-04-07,-0.0001838768292756754
1061,2017-04-10,-0.00031468738247220074
1062,2017-04-11,-0.0002663513082943325
1063,2017-04-12,-0.0029588446594761564
1064,2017-04-13,-0.006237329368355304
1065,2017-04-17,0.00866325848766003
1066,2017-04-18,-0.005671307672335146
1067,2017-04-19,-0.006135121577651503
1068,2017-04-20,0.008909138911095127
1069,2017-04-21,-0.0010697318125281186
1070,2017-04-24,0.010333710533318552
1071,2017-04-25,0.011037946219010664
1072,2017-04-26,-0.0007289074524550188
1073,2017-04-27,-0.0001525184371526933
1074,2017-04-28,-0.0018988944887343706
1075,2017-05-01,-0.0008934885702114315
1076,2017-05-02,0.001084495305212485
1077,2017-05-03,0.0006109287798814478
1078,2017-05-04,-0.0005631827961458669
1079,2017-05-05,0.0026701432517537427
1080,2017-05-08,0.00014284238272033178
1081,2017-05-09,-0.0013816651450913042
1082,2017-05-10,-0.0015506897233930061
1083,2017-05-11,-0.0013952888336916658
1084,2017-05-12,-0.0011626339415027331
1085,2017-05-15,0.004385050626318332
1086,2017-05-16,-0.00019067168400610512
1087,2017-05-17,-0.017480844847119315
1088,2017-05-18,0.0025195554220474037
1089,2017-05-19,0.006569238892637941
1090,2017-05-22,0.004403455763172914
1091,2017-05-23,0.002156342206845352
1092,2017-05-24,0.0032376023353481997
1093,2017-05-25,0.003549871418618622
1094,2017-05-26,-0.0003368581697671402
1095,2017-05-29,6.16867433489432e-05
1096,2017-05-30,-0.0023468230350029984
1097,2017-05-31,-0.000832622855861942
1098,2017-06-01,0.005984446045774305
1099,2017-06-02,0.0027784687769631944
1100,2017-06-05,-0.0005144562311212297
1101,2017-06-06,-0.0018807239429534661
1102,2017-06-07,0.0011250318767359602
1103,2017-06-08,0.0006848274023276701
1104,2017-06-09,0.0035817891126672663
1105,2017-06-12,-0.00100255027984808
1106,2017-06-13,0.004149574838503867
1107,2017-06-14,0.0021783215672250833
1108,2017-06-15,-0.000716167579737359
1109,2017-06-16,0.0009969427915965667
1110,2017-06-19,0.006746428260839821
1111,2017-06-20,-0.00230271712137764
1112,2017-06-21,-0.0026816486105314397
1113,2017-06-22,-0.0006540018206013798
1114,2017-06-23,-0.00021025899952853422
1115,2017-06-26,0.0007708581713785634
1116,2017-06-27,-0.004259075998115591
1117,2017-06-28,0.005962302632980254
1118,2017-06-29,-0.007534736611729542
1119,2017-06-30,0.003189321113241661
1120,2017-07-03,0.008881003360068362
1121,2017-07-04,-0.0030167519887829286
1122,2017-07-05,-0.0003632279874761224
1123,2017-07-06,-0.00719760162454719
1124,2017-07-07,0.004315415078975704
1125,2017-07-10,-7.001264036965438e-05
1126,2017-07-11,3.736559479250445e-05
1127,2017-07-12,0.005853746037582042
1128,2017-07-13,0.0006405772767053008
1129,2017-07-14,0.004029001439654678
1130,2017-07-17,-0.00019875368562871643
1131,2017-07-18,-0.0025456884740133745
1132,2017-07-19,0.002499507253023836
1133,2017-07-20,-0.0006936682703404529
1134,2017-07-21,-0.0018057926384749123
1135,2017-07-24,-0.00251506247066402
1136,2017-07-25,0.004043206742277761
1137,2017-07-26,0.004432412590551493
1138,2017-07-27,0.003554791787619749
1139,2017-07-28,0.0016053967518026013
1140,2017-07-31,0.0037375009023374872
1141,2017-08-01,0.0028269639881752795
1142,2017-08-02,0.002092227247377565
1143,2017-08-03,0.0006359561525890456
1144,2017-08-04,0.002711658459675803
1145,2017-08-07,0.001592755544859159
1146,2017-08-08,-0.001479504694943401
1147,2017-08-09,-0.0016903592842609783
1148,2017-08-10,-0.008915895477244362
1149,2017-08-11,0.0001785034492485238
1150,2017-08-14,0.005525551532402417
1151,2017-08-15,0.0010914109632231828
1152,2017-08-16,0.0007042663700982388
1153,2017-08-17,-0.012091079335672106
1154,2017-08-18,-0.003541592430879703
1155,2017-08-21,0.0014291993998263308
1156,2017-08-22,0.008564585754228915
1157,2017-08-23,-0.0036792221060455432
1158,2017-08-24,-0.001481961314794944
1159,2017-08-25,0.00168820010066284
1160,2017-08-28,-0.0006327410980979664
1161,2017-08-29,0.002899067958741952
1162,2017-08-30,0.0009462157541086924
1163,2017-08-31,0.0029654480293999086
1164,2017-09-01,0.0014111322719259078
1165,2017-09-04,-0.0023682240986389047
1166,2017-09-05,-0.008149539131995454
1167,2017-09-06,0.0026856784041484616
1168,2017-09-07,-0.0013075064328269548
1169,2017-09-08,0.0005049000910197776
1170,2017-09-11,0.012017994003494792
1171,2017-09-12,0.002739080259321014
1172,2017-09-13,0.0017391077367836516
1173,2017-09-14,0.0022045984571477106
1174,2017-09-15,0.0025906536430646554
1175,2017-09-18,0.003318393159528199
1176,2017-09-19,0.0018204333632070302
1177,2017-09-20,0.001669869247804101
1178,2017-09-21,-0.0022867903795376066
1179,2017-09-22,-0.0009126019274887653
1180,2017-09-25,-0.0020833136457252266
1181,2017-09-26,-0.000538289745078302
1182,2017-09-27,0.0023306483179883486
1183,2017-09-28,0.0015388631439865463
1184,2017-09-29,0.000898066443014045
1185,2017-10-02,0.006942826426783455
1186,2017-10-03,0.004182354985585945
1187,2017-10-04,0.0007329272944485155
1188,2017-10-05,0.004904415739297008
1189,2017-10-06,-0.0002415753889479788
1190,2017-10-09,-0.0004394214971004118
1191,2017-10-10,0.00336071813372385
1192,2017-10-11,0.0015099581967028541
1193,2017-10-12,-0.001120214477165149
1194,2017-10-13,0.0016623675700770946
1195,2017-10-16,0.0030986166611608468
1196,2017-10-17,0.001719730636045469
1197,2017-10-18,0.007246932562985364
1198,2017-10-19,0.000345384897634915
1199,2017-10-20,0.006883664896427888
1200,2017-10-23,-0.001931234096238299
1201,2017-10-24,0.006935014610128576
1202,2017-10-25,-0.004746607065573727
1203,2017-10-26,0.003252359787920156
1204,2017-10-27,0.0011529445137234973
1205,2017-10-30,-0.00363400922450019
1206,2017-10-31,0.0011985445968480946
1207,2017-11-01,0.0024781391783061935
1208,2017-11-02,0.0033655052235701532
1209,2017-11-03,0.0009777604192340306
1210,2017-11-06,0.0006583156095789633
1211,2017-11-07,8.49178689747987e-05
1212,2017-11-08,0.000275933283461427
1213,2017-11-09,-0.004146972632323553
1214,2017-11-10,-0.0015782942035098557
1215,2017-11-13,0.0007894798060164021
1216,2017-11-14,-0.0015581367328554308
1217,2017-11-15,-0.005676740926311652
1218,2017-11-16,0.007746611950603111
1219,2017-11-17,-0.004144035302656945
1220,2017-11-20,0.003077583841410103
1221,2017-11-21,0.006763056702844494
1222,2017-11-22,-0.002631686640137687
1223,2017-11-23,2.125134733610423e-05
1224,2017-11-24,0.0008071742630058054
1225,2017-11-27,0.0014216652859104784
1226,2017-11-28,0.010881743893619955
1227,2017-11-29,0.0041860911559350455
1228,2017-11-30,0.013361378135311242
1229,2017-12-01,-0.0013198779758774037
1230,2017-12-04,0.0025145144972107403
1231,2017-12-05,-0.004580276376017878
1232,2017-12-06,-0.001407229149087641
1233,2017-12-07,0.002626569104124954
1234,2017-12-08,0.0049241650674503035
1235,2017-12-11,0.0023812791234867348
1236,2017-12-12,0.005031268015731172
1237,2017-12-13,0.0034622010535070302
1238,2017-12-14,-0.0030542653773473205
1239,2017-12-15,0.004882332559686731
1240,2017-12-18,0.006573669541705129
1241,2017-12-19,-0.0018161189957712764
1242,2017-12-20,-0.0010710135911242702
1243,2017-12-21,0.002342614884693006
1244,2017-12-22,-0.0008071784753411748
1245,2017-12-26,-0.0005250156120890637
1246,2017-12-27,0.00048463958041189414
1247,2017-12-28,0.002540511514560251
1248,2017-12-29,-0.0027828019453259856
1249,2018-01-02,0.0024404109434659205
1250,2018-01-03,0.003940468872816183
1251,2018-01-04,0.006220786708301063
1252,2018-01-05,0.0084192460523429
1253,2018-01-08,-0.000336201996489649
1254,2018-01-09,0.004479990062398187
1255,2018-01-10,-0.0008077168857560935
1256,2018-01-11,0.007832501839093453
1257,2018-01-12,0.008993227324092246
1258,2018-01-15,0.006182039747129053
1259,2018-01-16,-0.006259557116969461
1260,2018-01-17,0.012269578310172946
1261,2018-01-18,-0.0035094976097198582
1262,2018-01-19,0.0015740677409290527
1263,2018-01-22,0.005527957755832702
1264,2018-01-23,-5.722696662857629e-05
1265,2018-01-24,0.0021342554097110167
1266,2018-01-25,0.004690795300305695
1267,2018-01-26,0.008358211475879784
1268,2018-01-29,-0.006503218966871671
1269,2018-01-30,-0.013728884357485427
1270,2018-01-31,0.002986486197299243
1271,2018-02-01,0.0008789686829580035
1272,2018-02-02,-0.026219647989679018
1273,2018-02-05,-0.046717607518612425
1274,2018-02-06,0.023751952916411412
1275,2018-02-07,-0.0013651238486378503
1276,2018-02-08,-0.04268331302956163
1277,2018-02-09,0.014279569862932107
1278,2018-02-12,0.016683716778572943
1279,2018-02-13,0.001705878190026766
1280,2018-02-14,0.010496169438068748
1281,2018-02-15,0.011995472323174994
1282,2018-02-16,0.000575232921024238
1283,2018-02-19,-0.0012301261795482077
1284,2018-02-20,-0.009074179507377877
1285,2018-02-21,-0.006612937702389132
1286,2018-02-22,0.006773196238212265
1287,2018-02-23,0.014022870242648366
1288,2018-02-26,0.015347272738205575
1289,2018-02-27,-0.011503073256665886
1290,2018-02-28,-0.015406282322841136
1291,2018-03-01,-0.01692689922928814
1292,2018-03-02,-0.002849257750247247
1293,2018-03-05,0.014185686169602363
1294,2018-03-06,4.0226377663543644e-05
1295,2018-03-07,-0.0031595789842029376
1296,2018-03-08,0.0035010562461064154
1297,2018-03-09,0.01750143858099129
1298,2018-03-12,-0.00599837407939674
1299,2018-03-13,-0.007193908475326083
1300,2018-03-14,-0.009908624838953273
1301,2018-03-15,0.004976614100007382
1302,2018-03-16,0.001967740835230103
1303,2018-03-19,-0.012798859476641056
1304,2018-03-20,0.004924936242744593
1305,2018-03-21,-0.002003528498191187
1306,2018-03-22,-0.029668036229612227
1307,2018-03-23,-0.018173191591241533
1308,2018-03-26,0.02822266351056335
1309,2018-03-27,-0.014315624151564066
1310,2018-03-28,-0.0004821314023857326
1311,2018-03-29,0.012978082154585735
1312,2018-04-02,-0.02167524145130706
1313,2018-04-03,0.01644592413388324
1314,2018-04-04,0.009648680961046097
1315,2018-04-05,0.009780872632223492
1316,2018-04-06,-0.023703749836830212
1317,2018-04-09,0.002170676938609617
1318,2018-04-10,0.01762812377731926
1319,2018-04-11,-0.00897156002500843
1320,2018-04-12,0.009577689669171718
1321,2018-04-13,-0.0022462694728950794
1322,2018-04-15,0.006597479349572666
1323,2018-04-16,0.002808953388747426
1324,2018-04-17,0.006665146545405065
1325,2018-04-18,0.001331788191741623
1326,2018-04-19,-0.005621520825675574
1327,2018-04-20,-0.007523106464361717
1328,2018-04-22,0.0022164298167428598
1329,2018-04-23,-0.0012443690912959937
1330,2018-04-24,-0.01804223881713618
1331,2018-04-25,0.004210059763607887
1332,2018-04-26,0.006374646798922967
1333,2018-04-27,0.0003989091710892012
1334,2018-04-29,0.0009574561493330691
1335,2018-04-30,-0.00638664655061838
1336,2018-05-01,-0.002151786998997096
1337,2018-05-02,-0.010284741361576977
1338,2018-05-03,0.0007740285760373666
1339,2018-05-04,0.015734024700785554
1340,2018-05-06,0.002684668125287004
1341,2018-05-07,-0.0008009046760744098
1342,2018-05-08,-0.0003493310551387907
1343,2018-05-09,0.008350447643129755
1344,2018-05-10,0.00832172086662375
1345,2018-05-11,0.004465059588911302
1346,2018-05-13,0.002664704856826461
1347,2018-05-14,-0.00042153914681364313
1348,2018-05-15,-0.009683950038423816
1349,2018-05-16,0.0040868036426200405
1350,2018-05-17,-0.0010908664459403639
1351,2018-05-18,-0.00045694172224663987
1352,2018-05-20,0.007546464585887591
1353,2018-05-21,0.003785913017139819
1354,2018-05-22,-0.00702232833713623
1355,2018-05-23,0.0006440570104562227
1356,2018-05-24,-0.0007649117187806809
1357,2018-05-25,-0.0038050600206815943
1358,2018-05-27,0.0040668061937054745
1359,2018-05-28,-0.002438865381629185
1360,2018-05-29,-0.0177749193548582
1361,2018-05-30,0.012067625156799267
1362,2018-05-31,-0.00786524191654614
1363,2018-06-01,0.007406439129582054
1364,2018-06-03,0.00017465408657457715
1365,2018-06-04,0.007120891765920234
1366,2018-06-05,0.0007858959235704788
1367,2018-06-06,0.012211889683742427
1368,2018-06-07,0.005694370549282013
1369,2018-06-08,0.0014116354857396374
1370,2018-06-10,-0.0010357560085036965
1371,2018-06-11,0.0028241666155750522
1372,2018-06-12,-0.0008483866563224751
1373,2018-06-13,-0.005224533731338354
1374,2018-06-14,-0.0009925767987386536
1375,2018-06-15,-0.003414035945141336
1376,2018-06-17,-0.00010762409067943679
1377,2018-06-18,-0.00913034047650818
1378,2018-06-19,-0.004859287044864047
1379,2018-06-20,-0.0018815084480827693
1380,2018-06-21,-0.008337289285092808
1381,2018-06-22,0.004714026351948064
1382,2018-06-24,0.0002966838087665735
1383,2018-06-25,-0.01391247221410552
1384,2018-06-26,0.0016262697388711445
1385,2018-06-27,-0.005465643517002405
1386,2018-06-28,0.0040454181636064845
1387,2018-06-29,0.0008935212157403782
1388,2018-07-01,-0.0006051880389925657
1389,2018-07-02,0.001481544550443914
1390,2018-07-03,-0.005773974721048347
1391,2018-07-04,0.0011367997355318238
1392,2018-07-05,0.003958406188415253
1393,2018-07-06,0.00673434426960462
1394,2018-07-08,0.0021150598114978436
1395,2018-07-09,0.012907644781618544
1396,2018-07-10,-0.005066169621626315
1397,2018-07-11,0.0009303842712924393
1398,2018-07-12,0.009096288309867973
1399,2018-07-13,0.0024290874817829433
1400,2018-07-15,0.0022078261259039778
1401,2018-07-16,-0.00013955406814503135
1402,2018-07-17,0.003066534732612425
1403,2018-07-18,0.0016092123139657133
1404,2018-07-19,-0.00451621269510305
1405,2018-07-20,-0.001308973550285586
1406,2018-07-22,0.0008901415827367032
1407,2018-07-23,0.0014153454489331807
1408,2018-07-24,0.00514610477641142
1409,2018-07-25,0.008544625058277688
1410,2018-07-26,0.0038830476313620466
1411,2018-07-27,-0.004464880678915151
1412,2018-07-29,-0.00028311789878543436
1413,2018-07-30,-0.003743669345087852
1414,2018-07-31,0.0033109131574935446
1415,2018-08-01,-0.002758339054004466
1416,2018-08-02,7.891423798156438e-05
1417,2018-08-03,0.003965302894892275
1418,2018-08-05,0.0002082652303734278
1419,2018-08-06,0.0021195182063458162
1420,2018-08-07,0.0050255842945095
1421,2018-08-08,-0.0036150899057894037
1422,2018-08-09,-0.002136106405627558
1423,2018-08-10,-0.005796342763659368
1424,2018-08-12,-0.0023192590319229822
1425,2018-08-13,-0.001979730225572851
1426,2018-08-14,0.003264521499428241
1427,2018-08-15,-0.005665335074095168
1428,2018-08-16,0.016197138160421787
1429,2018-08-17,0.003500379366926154
1430,2018-08-19,0.0005374340458299542
1431,2018-08-20,0.002197356900927261
1432,2018-08-21,-0.0022168241068616368
1433,2018-08-22,0.0016727961024258775
1434,2018-08-23,-0.0026856133906925095
1435,2018-08-24,0.00523605966276719
1436,2018-08-26,0.0025671997628649024
1437,2018-08-27,0.009161673290682515
1438,2018-08-28,-0.00013408586217344975
1439,2018-08-29,0.0011299124619981171
1440,2018-08-30,-0.006683086807306893
1441,2018-08-31,0.0019519285239173456
1442,2018-09-02,-0.000296239941823373
1443,2018-09-03,7.698235482500593e-05
1444,2018-09-04,-0.0013473734227549272
1445,2018-09-05,-0.0008864063242359776
1446,2018-09-06,0.0017527448396741363
1447,2018-09-07,-0.0014944497094546705
1448,2018-09-09,0.00012719547108908102
1449,2018-09-10,-0.002373123934990673
1450,2018-09-11,0.0043560506289033185
1451,2018-09-12,-0.00021161990305529343
1452,2018-09-13,0.00600303626045573
1453,2018-09-14,0.00012240885264169776
1454,2018-09-16,-0.001863949846365287
1455,2018-09-17,-0.0055896714986829465
1456,2018-09-18,0.012081186504309116
1457,2018-09-19,0.006714408124386395
1458,2018-09-20,0.009781879858234532
1459,2018-09-21,0.0005127481697488889
1460,2018-09-23,-0.0022927310010238955
1461,2018-09-24,-0.003155431563532929
1462,2018-09-25,-0.0023731533040205477
1463,2018-09-26,-0.003759584745790079
1464,2018-09-27,0.0021931968289266024
1465,2018-09-28,8.309704504405602e-05
1466,2018-09-30,0.003856444175839968
1467,2018-10-01,0.002967884458184855
1468,2018-10-02,0.004715532168411585
1469,2018-10-03,0.0003359717098625481
1470,2018-10-04,-0.0051452531063613804
1471,2018-10-05,-0.006485067980255721
1472,2018-10-07,-0.000857531902113351
1473,2018-10-08,0.001491707892855132
1474,2018-10-09,-0.0007927828488565325
1475,2018-10-10,-0.03977456919072786
1476,2018-10-11,-0.006070426702743603
1477,2018-10-12,0.0013433579392838624
1478,2018-10-14,1.9742386339061113e-05
1479,2018-10-15,-0.002688548949503655
1480,2018-10-16,0.020475078655650236
1481,2018-10-17,-0.00406161471384614
1482,2018-10-18,-0.011535929318498006
1483,2018-10-19,0.002184243791667484
1484,2018-10-21,-0.003110487322199873
1485,2018-10-22,-0.003377390924013568
1486,2018-10-23,-0.0006332483613178397
1487,2018-10-24,-0.02454962268365435
1488,2018-10-25,0.006310070054507122
1489,2018-10-26,-0.0009399399291876165
1490,2018-10-28,0.0016452825831745344
1491,2018-10-29,-0.015593570074464935
1492,2018-10-30,0.018992618154351604
1493,2018-10-31,0.00983006436703171
1494,2018-11-01,0.007230658610270169
1495,2018-11-02,-0.0019876462234247327
1496,2018-11-04,-0.003375895328177947
1497,2018-11-05,0.011562016284063503
1498,2018-11-06,0.00594573056894987
1499,2018-11-07,0.02047881937002316
1500,2018-11-08,0.0006112158271971424
1501,2018-11-09,-0.007993840760748938
1502,2018-11-11,-0.0003465392569310666
1503,2018-11-12,-0.022665872963992584
1504,2018-11-13,0.0010629910225468109
1505,2018-11-14,-0.015244829925809
1506,2018-11-15,0.009087678087514206
1507,2018-11-16,0.007553019197265698
1508,2018-11-18,-0.0023603500655688947
1509,2018-11-19,-0.015579634405257892
1510,2018-11-20,-0.023311916312069414
1511,2018-11-21,0.003352076743770027
1512,2018-11-22,-0.003945992929756059
1513,2018-11-23,-0.0056825291729154515
1514,2018-11-25,0.0028925103321189027
1515,2018-11-26,0.007633400207872398
1516,2018-11-27,0.009717985660705253
1517,2018-11-28,0.022261990097534934
1518,2018-11-29,0.000986778473208716
1519,2018-11-30,0.008778801713347661
1520,2018-12-02,0.015598658803494203
1521,2018-12-03,-0.007439114828574844
1522,2018-12-04,-0.02730850281620434
1523,2018-12-05,-0.009854716638235672
1524,2018-12-06,0.003215480988819408
1525,2018-12-07,-0.021210586794627062
1526,2018-12-09,-0.008872307242125288
1527,2018-12-10,0.009630351759669864
1528,2018-12-11,-0.0015986660545035392
1529,2018-12-12,0.009208198651027288
1530,2018-12-13,-0.0013422157731870499
1531,2018-12-14,-0.019306864542935287
1532,2018-12-16,0.0010907288310466612
1533,2018-12-17,-0.015539503829092638
1534,2018-12-18,-0.004409062878979242
1535,2018-12-19,-0.012060270684962404
1536,2018-12-20,-0.01657105246442292
1537,2018-12-21,-0.025874185660764937
1538,2018-12-23,0.0013609721758296445
1539,2018-12-24,-0.03269370096287716
1540,2018-12-25,0.0005205598570316994
1541,2018-12-26,0.050116063141233624
1542,2018-12-27,0.010066992913305484
1543,2018-12-28,-0.00018651490366039525
1544,2018-12-30,0.005915462587338993
1545,2018-12-31,0.005396143959815802
1546,2019-01-01,0.003104100805618515
1547,2019-01-02,-0.017899962331773267
1548,2019-01-03,-0.012436952718656968
1549,2019-01-04,0.03087113234229477
1550,2019-01-06,0.0039231264190728865
1551,2019-01-07,0.0018920701143816387
1552,2019-01-08,0.011445846262306603
1553,2019-01-09,0.0006507076990445171
1554,2019-01-10,0.005336589521023782
1555,2019-01-11,0.0009388018741205428
1556,2019-01-13,-0.004262978324055311
1557,2019-01-14,0.0015484757516333048
1558,2019-01-15,0.006357043437379417
1559,2019-01-16,0.003960446875467483
1560,2019-01-17,0.007258072400260218
1561,2019-01-18,0.014947126838057656
1562,2019-01-20,-0.0012759382214930781
1563,2019-01-21,-0.0017849519725334773
1564,2019-01-22,-0.008932101229296663
1565,2019-01-23,0.004985713211588916
1566,2019-01-24,-0.00010191718463126165
1567,2019-01-25,0.008039846015218899
1568,2019-01-27,-0.001315245460585146
1569,2019-01-28,-0.009950586381171078
1570,2019-01-29,0.007964284401280608
1571,2019-01-30,0.01510152370236284
1572,2019-01-31,0.0008389775034913782
1573,2019-02-01,0.00021961593653507805
1574,2019-02-03,-0.0006190811992237144
1575,2019-02-04,0.007363705715867752
1576,2019-02-05,0.006265987080674051
1577,2019-02-06,-0.0008871114299626726
1578,2019-02-07,-0.010499839529853006
1579,2019-02-08,0.0004901703021467085
1580,2019-02-10,-0.00037856569483452063
1581,2019-02-11,-0.0014757813050163548
1582,2019-02-12,0.015722141544030066
1583,2019-02-13,0.0018058363161621571
1584,2019-02-14,-0.0030442861151023237
1585,2019-02-15,0.018302306915146005
1586,2019-02-17,0.001235332038657333
1587,2019-02-18,-0.0014284905950052718
1588,2019-02-19,-7.731250904186027e-05
1589,2019-02-20,0.0029322174988273275
1590,2019-02-21,-0.004285439089645848
1591,2019-02-22,0.006459791407912974
1592,2019-02-24,0.0033771154806494508
1593,2019-02-25,-0.0006898542531121876
1594,2019-02-26,-0.00259116178837715
1595,2019-02-27,-0.0003460396610748262
1596,2019-02-28,-0.0036209635961323983
1597,2019-03-01,0.004620196230243678
1598,2019-03-03,0.004484231840537589
1599,2019-03-04,-0.013280934759382745
1600,2019-03-05,-0.0008335201482463361
1601,2019-03-06,-0.005425093874118048
1602,2019-03-07,-0.006317691478816556
1603,2019-03-08,0.0006865109118869839
1604,2019-03-10,-0.0029848852198117726
1605,2019-03-11,0.01219723378044435
1606,2019-03-12,-0.007292621528161902
1607,2019-03-13,0.006981724225529007
1608,2019-03-14,-0.00025267524912209183
1609,2019-03-15,0.005582822862326253
1610,2019-03-17,-0.0012572914881481267
1611,2019-03-18,0.004037058287584827
1612,2019-03-19,-0.0031084442584479177
1613,2019-03-20,-0.005370786285999074
1614,2019-03-21,0.01009719990714153
1615,2019-03-22,-0.017003205004682442
1616,2019-03-24,0.0006653628410209222
1617,2019-03-25,0.0006844702194133134
1618,2019-03-26,0.0019140279439913144
1619,2019-03-27,-0.0007222127976138637
1620,2019-03-28,0.0070436611137907335
1621,2019-03-29,0.0056649773010661875
1622,2019-03-31,0.004885100456418101
1623,2019-04-01,0.007816317909632886
1624,2019-04-02,-0.004636539523358962
1625,2019-04-03,0.0040843695497478905
1626,2019-04-04,0.003991874054326772
1627,2019-04-05,0.001137614704177281
1628,2019-04-07,1.8911386680642295e-05
1629,2019-04-08,-0.002770365509853434
1630,2019-04-09,-0.0068832398408140705
1631,2019-04-10,0.0017968790378066757
1632,2019-04-11,-0.000382044377571944
1633,2019-04-12,0.008920743810769238
1634,2019-04-14,0.00032186338729722763
1635,2019-04-15,-0.001269121279351637
1636,2019-04-16,0.0016665742545409756
1637,2019-04-17,0.0009834899324960844
1638,2019-04-18,0.0046395971418622395
1639,2019-04-21,0.001165940969237056
1640,2019-04-22,-0.0035208074772636877
1641,2019-04-23,0.005867332233325584
1642,2019-04-24,-0.00396416292872992
1643,2019-04-25,-0.005001139066180826
1644,2019-04-26,0.003946384795806779
1645,2019-04-28,-0.00039581984607117704
1646,2019-04-29,0.0014693989073393254
1647,2019-04-30,0.003926624973168202
1648,2019-05-01,-0.010537040504493334
1649,2019-05-02,-0.0031505689298523265
1650,2019-05-03,0.008329289432856157
1651,2019-05-05,-0.01774508249246054
1652,2019-05-06,0.009681887295785785
1653,2019-05-07,-0.013527050639062566
1654,2019-05-08,0.0006739400243596094
1655,2019-05-09,-0.004862776295851745
1656,2019-05-10,0.0046587050271416075
1657,2019-05-12,-0.009506405875475465
1658,2019-05-13,-0.018480194561844243
1659,2019-05-14,0.0135307447384303
1660,2019-05-15,0.0019710230952743046
1661,2019-05-16,0.009391755527401457
1662,2019-05-17,-0.004102892213605713
1663,2019-05-19,0.003078707575616235
1664,2019-05-20,-0.004514821899579857
1665,2019-05-21,0.0054038020773159445
1666,2019-05-22,-0.005675731538934414
1667,2019-05-23,-0.009740950273419813
1668,2019-05-24,0.005126276907201799
1669,2019-05-27,0.0012482853108153336
1670,2019-05-28,-0.01142874869760746
1671,2019-05-29,-0.009986423502640562
1672,2019-05-30,-0.005751585580622276
1673,2019-05-31,-0.006712022494397729
1674,2019-06-02,-0.006412255667669342
1675,2019-06-03,0.009653337058788125
1676,2019-06-04,0.020548721504390244
1677,2019-06-05,0.004459557943999215
1678,2019-06-06,0.008335099351260311
1679,2019-06-07,0.010519300928940822
1680,2019-06-09,0.003935505325513233
1681,2019-06-10,-0.001476374625765331
1682,2019-06-11,-0.000767828928589509
1683,2019-06-12,-0.00015363655843003698
1684,2019-06-13,0.002187057379524404
1685,2019-06-14,0.0007356685722985645
1686,2019-06-16,0.0015996592846452273
1687,2019-06-17,-0.0014158362475011899
1688,2019-06-18,0.014616297479655316
1689,2019-06-19,0.003108492183985234
1690,2019-06-20,0.006393758993922916
1691,2019-06-21,-0.0025563476808567742
1692,2019-06-23,0.0012471387960726332
1693,2019-06-24,0.0013652779499260248
1694,2019-06-25,-0.008671924023641253
1695,2019-06-26,5.655422143213684e-05
1696,2019-06-27,0.0028236408848805183
1697,2019-06-28,0.002485763792712703
1698,2019-06-30,0.0053223605910268645
1699,2019-07-01,-0.005029924439266864
1700,2019-07-02,0.004115544853494413
1701,2019-07-03,0.006865124380698973
1702,2019-07-04,0.0007413593978977673
1703,2019-07-05,-0.003686271288678711
1704,2019-07-07,-0.000807409428567496
1705,2019-07-08,-0.0037103761332790697
1706,2019-07-09,0.0003361787911124736
1707,2019-07-10,0.003467245806822561
1708,2019-07-11,0.008689712007162953
1709,2019-07-12,0.0075607792567691234
1710,2019-07-14,-0.000501788869497588
1711,2019-07-15,0.002597750508883223
1712,2019-07-16,-0.0012248390404145937
1713,2019-07-17,-0.005668550077018608
1714,2019-07-18,0.003305973925108674
1715,2019-07-19,-0.004734594514808066
1716,2019-07-21,0.0006556514997893004
1717,2019-07-22,0.001067239632831729
1718,2019-07-23,0.005648635786311473
1719,2019-07-24,-0.002453623922407999
1720,2019-07-25,-0.005054280939702949
1721,2019-07-26,0.0012227573577039408
1722,2019-07-28,-6.25728790204505e-05
1723,2019-07-29,0.0029586845278508633
1724,2019-07-30,-0.0006056964171179402
1725,2019-07-31,-0.015730013513744368
1726,2019-08-01,-0.01021751510895541
1727,2019-08-02,-0.002010766081566473
1728,2019-08-04,-0.0015003317715542863
1729,2019-08-05,-0.050674492327216214
1730,2019-08-06,0.02986649497905347
1731,2019-08-07,0.0002895342277842161
1732,2019-08-08,0.017450333401146878
1733,2019-08-09,-0.0031460322451053457
1734,2019-08-11,-0.001912268870757572
1735,2019-08-12,-0.010656353921325135
1736,2019-08-13,0.014784821175659602
1737,2019-08-14,-0.03188658393414201
1738,2019-08-15,0.004263903507888855
1739,2019-08-16,0.011553747151872074
1740,2019-08-18,0.005034483906587894
1741,2019-08-19,0.001285336371028123
1742,2019-08-20,-0.006018889345513756
1743,2019-08-21,0.01381051220465146
1744,2019-08-22,-0.0019612913011570754
1745,2019-08-23,-0.020986808069602958
1746,2019-08-25,-0.011322174249675854
1747,2019-08-26,0.018413227805048393
1748,2019-08-27,-0.0013731632717242093
1749,2019-08-28,0.006327882866024481
1750,2019-08-29,0.013220481535505257
1751,2019-08-30,0.0009181597840761668
1752,2019-09-01,-0.003807130002195791
1753,2019-09-02,-0.0028973787327135625
1754,2019-09-03,-0.00418927395718427
1755,2019-09-04,0.010802763170998375
1756,2019-09-05,0.014466191797417594
1757,2019-09-06,0.0019307751253432315
1758,2019-09-08,-4.473535150673058e-05
1759,2019-09-09,0.002459524383038314
1760,2019-09-10,0.0003907308279025301
1761,2019-09-11,0.01576174493386695
1762,2019-09-12,-0.003632339147584318
1763,2019-09-13,-1.0990295660207039e-05
1764,2019-09-15,-0.00522208446619743
1765,2019-09-16,0.0010709616448707493
1766,2019-09-17,8.116167271232655e-05
1767,2019-09-18,0.0010808261874419856
1768,2019-09-19,-0.0006085287998640609
1769,2019-09-20,-0.007397822895697459
1770,2019-09-22,0.004072242359942635
1771,2019-09-23,0.0021444554898248924
1772,2019-09-24,-0.0067817044904003865
1773,2019-09-25,0.0031556928666400808
1774,2019-09-26,-0.0032486582850594914
1775,2019-09-27,-0.0025991271305869645
1776,2019-09-29,0.002282942846260738
1777,2019-09-30,0.0033423770713341128
1778,2019-10-01,-0.01310640336315494
1779,2019-10-02,-0.021022742524371196
1780,2019-10-03,0.00430652017131905
1781,2019-10-04,0.014324214256404844
1782,2019-10-06,-0.0033077367004334945
1783,2019-10-07,9.444397439395402e-05
1784,2019-10-08,-0.011779646005143363
1785,2019-10-09,0.0009360356383059099
1786,2019-10-10,0.014915097637350883
1787,2019-10-11,0.008791201198027565
1788,2019-10-13,0.00430919637926408
1789,2019-10-14,-0.0031612678067300948
1790,2019-10-15,0.006460662852896704
1791,2019-10-16,-0.0031879661362559375
1792,2019-10-17,0.0032434431097261296
1793,2019-10-18,-0.008578202352596875
1794,2019-10-20,0.0011117674240530562
1795,2019-10-21,-3.7323631630670207e-05
1796,2019-10-22,-0.001641977116353388
1797,2019-10-23,0.0027972450991224918
1798,2019-10-24,-0.0019945412122819306
1799,2019-10-25,0.005737958371051732
1800,2019-10-27,0.001531256519928803
1801,2019-10-28,0.004251476183107172
1802,2019-10-29,-0.0004058451572515054
1803,2019-10-30,0.004180066132047244
1804,2019-10-31,-0.006304444723099323
1805,2019-11-01,0.010492693154365185
1806,2019-11-03,0.0015871429022258354
1807,2019-11-04,0.005171667499077159
1808,2019-11-05,-0.000654582567547024
1809,2019-11-06,-0.0014014050449517867
1810,2019-11-07,0.0094083041234434
1811,2019-11-08,-0.001780598953802226
1812,2019-11-10,-0.0002603124414761737
1813,2019-11-11,0.0006325860835243446
1814,2019-11-12,1.8031873739943194e-05
1815,2019-11-13,0.004093013418074776
1816,2019-11-14,7.197359407129511e-05
1817,2019-11-15,0.006803255023163146
1818,2019-11-17,-0.0006149430858393146
1819,2019-11-18,0.002179233016862625
1820,2019-11-19,-0.005582514362870938
1821,2019-11-20,-0.003703046154621248
1822,2019-11-21,-0.00039631861919886546
1823,2019-11-22,0.004895703951630637
1824,2019-11-24,0.0021598342423150285
1825,2019-11-25,0.004106199802523136
1826,2019-11-26,0.0025267038501510797
1827,2019-11-27,-0.0012803657790438905
1828,2019-11-28,0.0007648956101569127
1829,2019-11-29,-0.0017903342419849366
1830,2019-12-01,0.0014701958922529457
1831,2019-12-02,-0.012096394035674862
1832,2019-12-03,-0.009569115194898004
1833,2019-12-04,0.004406979789573384
1834,2019-12-05,0.0018621856426417338
1835,2019-12-06,0.011839910321251423
1836,2019-12-08,-7.139906831099552e-06
1837,2019-12-09,-0.00404225638193445
1838,2019-12-10,-0.00028675935402766584
1839,2019-12-11,0.00163001656165207
1840,2019-12-12,0.01071704227368997
1841,2019-12-13,-0.002918909962307481
1842,2019-12-15,0.00015275162766137385
1843,2019-12-16,0.0015258797437756044
1844,2019-12-17,0.0019660137570127745
1845,2019-12-18,7.077524016096959e-05
1846,2019-12-19,0.004695346508739817
1847,2019-12-20,0.0028207106559605677
1848,2019-12-22,0.000800412357412128
1849,2019-12-23,0.0024885252456883222
1850,2019-12-24,-0.0019201753511168818
1851,2019-12-25,0.00023847040426971944
1852,2019-12-26,0.0037624352848961706
1853,2019-12-27,-0.00022639350011921522
1854,2019-12-29,0.0011178435481298266
1855,2019-12-30,-0.005854845943884968
1856,2019-12-31,0.002925757109579763
1857,2020-01-01,0.0006753600573041751
1858,2020-01-02,0.010793673739671661
1859,2020-01-03,-0.00915196754177039
1860,2020-01-05,-0.0036270948148313664
1861,2020-01-06,0.0043525430675170895
1862,2020-01-07,-0.01246589943688825
1863,2020-01-08,0.017738011997618486
1864,2020-01-09,0.005952832203734104
1865,2020-01-10,-0.00577129067265858
1866,2020-01-12,0.0010504191714719724
1867,2020-01-13,0.003584545213596968
1868,2020-01-14,-0.001919596461092965
1869,2020-01-15,0.006931321225922105
1870,2020-01-16,0.00801366666212644
1871,2020-01-17,-0.00041236417763812483
1872,2020-01-19,0.0009557839033043081
1873,2020-01-20,-0.0008865330423741824
1874,2020-01-21,-0.0036033107119006758
1875,2020-01-22,-0.0030959272804800264
1876,2020-01-23,0.0029250766269885986
1877,2020-01-24,-0.007815617451077728
1878,2020-01-26,-0.009838437789346344
1879,2020-01-27,-0.003630780642744469
1880,2020-01-28,0.004903092637698947
1881,2020-01-29,0.0011834366192005064
1882,2020-01-30,0.0030547306087278514
1883,2020-01-31,-0.019522614652194292
1884,2020-02-02,0.0007327490747179866
1885,2020-02-03,0.002752722584997258
1886,2020-02-04,0.013962331080271895
1887,2020-02-05,0.017105571042694834
1888,2020-02-06,0.003886425981868058
1889,2020-02-07,-0.01050707584478694
1890,2020-02-09,-0.0047266637924110455
1891,2020-02-10,0.010869199982211697
1892,2020-02-11,0.0009239194368575454
1893,2020-02-12,0.004612950704823149
1894,2020-02-13,-0.0008676439221364518
1895,2020-02-14,-2.5500337880401958e-05
1896,2020-02-16,0.001596766039380526
1897,2020-02-17,-0.0031790583108772807
1898,2020-02-18,-0.0022593571144966518
1899,2020-02-19,0.0032219613120947344
1900,2020-02-20,-0.010775101236076168
1901,2020-02-21,-0.002516078897761176
1902,2020-02-23,-0.012206716195780842
1903,2020-02-24,-0.020521991963059705
1904,2020-02-25,-0.028473077188358786
1905,2020-02-26,-0.01512398819020433
1906,2020-02-27,-0.04659750756785286
1907,2020-02-28,-0.004065599684839327
1908,2020-03-01,-0.017649765651379212
1909,2020-03-02,0.06051385332605186
1910,2020-03-03,-0.03145585449724564
1911,2020-03-04,0.04126117543201957
1912,2020-03-05,-0.027130942039113037
1913,2020-03-06,-0.014918506287637356
1914,2020-03-08,-0.04452866616728279
1915,2020-03-09,-0.014244900145401473
1916,2020-03-10,0.008914447332220021
1917,2020-03-11,-0.04309134963172667
1918,2020-03-12,-0.12124028778083229
1919,2020-03-13,0.1010677323865039
1920,2020-03-15,-0.047298103562212646
1921,2020-03-16,-0.06102846252983163
1922,2020-03-17,-0.014826793997656296
1923,2020-03-18,-0.0013877481317052798
1924,2020-03-19,-0.02970238969763983
1925,2020-03-20,-0.03076563363283391
1926,2020-03-22,-0.04516652789582842
1927,2020-03-23,0.029347370532674333
1928,2020-03-24,0.08963291094689296
1929,2020-03-25,0.0286786260741696
1930,2020-03-26,0.06375037819169904
1931,2020-03-27,-0.04655023536261993
1932,2020-03-29,-0.015176824104280229
1933,2020-03-30,0.04896223738530736
1934,2020-03-31,-0.03241129733372894
1935,2020-04-01,-0.025878057482801253
1936,2020-04-02,0.00987130290756788
1937,2020-04-03,-0.010184501081051067
1938,2020-04-05,0.013394707444762233
1939,2020-04-06,0.063131191018444
1940,2020-04-07,-0.0043624909658017685
1941,2020-04-08,0.03737666687068675
1942,2020-04-09,0.009658532457125446
1943,2020-04-12,-0.01249127607477618
1944,2020-04-13,0.0023238672023673246
1945,2020-04-14,0.019262332257310888
1946,2020-04-15,-0.026095065984273802
1947,2020-04-16,0.03963384149172633
1948,2020-04-17,-0.0003126482298334565
1949,2020-04-19,-0.007148308313187357
1950,2020-04-20,-0.01754317131728378
1951,2020-04-21,-0.023325850978414664
1952,2020-04-22,0.011263459236737106
1953,2020-04-23,-0.00027870978071398156
1954,2020-04-24,0.01594934199583342
1955,2020-04-26,-0.0021397680535617525
1956,2020-04-27,0.016737140535406425
1957,2020-04-28,0.0019052347504793232
1958,2020-04-29,0.021898413373888204
1959,2020-04-30,-0.022663550962080947
1960,2020-05-01,-0.017211649969505416
1961,2020-05-03,-0.015041797525871203
1962,2020-05-04,0.01596799319625397
1963,2020-05-05,0.007382187503527149
1964,2020-05-06,-0.013991704094047819
1965,2020-05-07,0.01841164133798756
1966,2020-05-08,0.013943364269563219
1967,2020-05-10,0.0040929125701527624
1968,2020-05-11,-0.012498551421867177
1969,2020-05-12,-0.02817793451127315
1970,2020-05-13,-0.008524894025367047
1971,2020-05-14,0.016915692198830712
1972,2020-05-15,-0.003931717254026523
1973,2020-05-17,0.007704677969666562
1974,2020-05-18,0.034707358351706574
1975,2020-05-19,-0.014255564870802928
1976,2020-05-20,0.010908214352335577
1977,2020-05-21,-0.0002147526084712581
1978,2020-05-22,-0.002323660488858792
1979,2020-05-24,0.0046435604942409725
1980,2020-05-25,0.004100676274456205
1981,2020-05-26,0.01311373122708126
1982,2020-05-27,0.026697032714512403
1983,2020-05-28,-0.013080222642248174
1984,2020-05-29,0.005442047472195455
1985,2020-05-31,-0.009175505640707016
1986,2020-06-01,0.0032783844635631
1987,2020-06-02,0.018503042288390503
1988,2020-06-03,0.01932972515193576
1989,2020-06-04,-0.0030082840772553965
1990,2020-06-05,0.031242140999099277
1991,2020-06-07,0.006989176066195313
1992,2020-06-08,0.009976010268365698
1993,2020-06-09,-0.006902743909535047
1994,2020-06-10,-0.0224358392296633
1995,2020-06-11,-0.053122249624038886
1996,2020-06-12,0.007170911046628703
1997,2020-06-14,-0.013121032576968616
1998,2020-06-15,0.03288352215087009
1999,2020-06-16,0.012509803724906732
2000,2020-06-17,-0.01450644259952405
2001,2020-06-18,0.007602592407224051
2002,2020-06-19,-0.020957018128349603
2003,2020-06-21,-0.002946733264609591
2004,2020-06-22,0.02340641810815569
2005,2020-06-23,-0.003574479768060357
2006,2020-06-24,-0.026134181639557497
2007,2020-06-25,0.009561832388984115
2008,2020-06-26,-0.022933035387577405
2009,2020-06-28,-0.0030942109575118337
2010,2020-06-29,0.026355581240281367
2011,2020-06-30,0.002219565050436856
2012,2020-07-01,-0.0012056403337865618
2013,2020-07-02,0.0061482783919402095
2014,2020-07-03,-0.004359584694974217
2015,2020-07-05,0.007563565000276995
2016,2020-07-06,0.014973967289158452
2017,2020-07-07,-0.01508998061656186
2018,2020-07-08,0.006550782395358112
2019,2020-07-09,-0.012351617873717302
2020,2020-07-10,0.011756364484666548
2021,2020-07-12,0.0030166234305202266
2022,2020-07-13,-0.000825817352977154
2023,2020-07-14,0.027126806941479842
2024,2020-07-15,-2.0093045685953825e-05
2025,2020-07-16,-0.005165375121393367
2026,2020-07-17,-0.004195615869269531
2027,2020-07-19,0.002959824781473941
2028,2020-07-20,0.0007314793615869064
2029,2020-07-21,0.006434426155648154
2030,2020-07-22,0.0016910608896090196
2031,2020-07-23,-0.010540577016536545
2032,2020-07-24,-0.008649627523434233
2033,2020-07-26,-0.000775215257569073
2034,2020-07-27,0.008035567602545868
2035,2020-07-28,-0.0075422824974182845
2036,2020-07-29,0.003928497425455646
2037,2020-07-30,-0.0006592117153019217
2038,2020-07-31,-0.0026661655858379874
2039,2020-08-02,-0.00048806788517374855
2040,2020-08-03,0.0093771491979453
2041,2020-08-04,0.00587810958211854
2042,2020-08-05,0.01332099193242442
2043,2020-08-06,0.00572021294023628
2044,2020-08-07,0.00286502072332695
2045,2020-08-09,-0.0008196690375061877
2046,2020-08-10,0.013501117868031542
2047,2020-08-11,-0.0010965608573272334
2048,2020-08-12,0.00755779096844833
2049,2020-08-13,0.000304731495283761
2050,2020-08-14,-0.0032983209483141707
2051,2020-08-16,0.002831528901058533
2052,2020-08-17,-0.0020417785423365586
2053,2020-08-18,-0.0035569997264435216
2054,2020-08-19,-0.005826064246127416
2055,2020-08-20,0.006016733333309432
2056,2020-08-21,0.004153308420162816
2057,2020-08-23,0.0014343894680060032
2058,2020-08-24,0.01374930270310415
2059,2020-08-25,-0.0036248297308176802
2060,2020-08-26,0.0038188672067658302
2061,2020-08-27,0.007852594486763564
2062,2020-08-28,0.0026016771591717003
2063,2020-08-30,0.004372237311166316
2064,2020-08-31,-0.011596558039176585
2065,2020-09-01,0.009274880991219092
2066,2020-09-02,0.014962146602691462
2067,2020-09-03,-0.03398071653135126
2068,2020-09-04,-0.0024002872528647856
2069,2020-09-06,-0.0007021202039041441
2070,2020-09-07,0.009404819198486791
2071,2020-09-08,-0.03291920429739115
2072,2020-09-09,0.022595044678674014
2073,2020-09-10,-0.015863812184864656
2074,2020-09-11,0.0003280974181798513
2075,2020-09-13,0.006799126525908861
2076,2020-09-14,0.007149986572482447
2077,2020-09-15,-0.00015926296276980167
2078,2020-09-16,0.001924810285176548
2079,2020-09-17,-0.0051798969025931285
2080,2020-09-18,-0.006613902686222417
2081,2020-09-20,-0.0013913200130666326
2082,2020-09-21,-0.016405002946560998
2083,2020-09-22,0.004853150818377117
2084,2020-09-23,-0.02440929731464081
2085,2020-09-24,0.009352531735855152
2086,2020-09-25,0.007935435418978898
2087,2020-09-27,0.0025647829024801894
2088,2020-09-28,0.01587578252790145
2089,2020-09-29,-0.004925811498027954
2090,2020-09-30,0.012490924568126616
2091,2020-10-01,-0.0030970755171111364
2092,2020-10-02,-0.004254201414948255
2093,2020-10-04,0.006644372896492001
2094,2020-10-05,0.008591627604896956
2095,2020-10-06,-0.012620932476604452
2096,2020-10-07,0.02076932921290542
2097,2020-10-08,0.007520655993424441
2098,2020-10-09,0.0027430446231875294
2099,2020-10-11,-0.0015013779428123541
2100,2020-10-12,0.010515913249991016
2101,2020-10-13,-0.005667625282688604
2102,2020-10-14,-0.006491341223007652
2103,2020-10-15,-7.111756349331699e-05
2104,2020-10-16,-0.0008937797732944119
2105,2020-10-18,0.003605276283444425
2106,2020-10-19,-0.009911373890039599
2107,2020-10-20,0.0014728812896080967
2108,2020-10-21,-0.010059137710536348
2109,2020-10-22,0.010472332404827256
2110,2020-10-23,-0.003624481171772942
2111,2020-10-25,-0.0032850776504513846
2112,2020-10-26,-0.019184501186538583
2113,2020-10-27,-0.011798599032001533
2114,2020-10-28,-0.024459095818858856
2115,2020-10-29,-0.0062630659773308395
2116,2020-10-30,0.0013758947921456155
2117,2020-11-01,-0.006213824264552414
2118,2020-11-02,0.022970695298969446
2119,2020-11-03,0.024777641414733154
2120,2020-11-04,0.00473049546485349
2121,2020-11-05,0.019264229716194237
2122,2020-11-06,1.0584381707090529e-05
2123,2020-11-08,0.008709204106338575
2124,2020-11-09,0.020083946342158043
2125,2020-11-10,0.00734311249673425
2126,2020-11-11,-0.00023040232636084568
2127,2020-11-12,-0.00968837434777825
2128,2020-11-13,0.01304522541876807
2129,2020-11-15,0.006876450690709746
2130,2020-11-16,0.008605488049910903
2131,2020-11-17,-0.004309052376392231
2132,2020-11-18,-0.012635344982758312
2133,2020-11-19,-0.007225459787589372
2134,2020-11-20,-0.0011158096405416984
2135,2020-11-22,0.0029270749103265103
2136,2020-11-23,0.015757750570736917
2137,2020-11-24,0.011998966604245709
2138,2020-11-25,-0.006801975399676863
2139,2020-11-26,-0.0033323314024702455
2140,2020-11-27,0.004570162012448975
2141,2020-11-29,-0.0003505018694678341
2142,2020-11-30,-0.005665132009832874
2143,2020-12-01,0.0004220357987296808
2144,2020-12-02,0.004023568939540922
2145,2020-12-03,0.0034877609292678358
2146,2020-12-04,0.005933768964247577
2147,2020-12-06,0.0021376083735162865
2148,2020-12-07,-0.0076706736540721465
2149,2020-12-08,0.0065795941999731156
2150,2020-12-09,-0.0036521997274441276
2151,2020-12-10,-0.0009974665511212066
2152,2020-12-11,-0.00026382999999263745
2153,2020-12-13,0.00428120440720825
2154,2020-12-14,-0.00818422780512762
2155,2020-12-15,0.008680754710722383
2156,2020-12-16,-0.0007102517952244369
2157,2020-12-17,0.00365585172944094
2158,2020-12-18,-0.0011077152883434138
2159,2020-12-20,0.0003133108658666117
2160,2020-12-21,-0.0023638206148408614
2161,2020-12-22,-0.003792510448880293
2162,2020-12-23,0.0033442599204196455
2163,2020-12-24,0.0007949850380182255
2164,2020-12-27,0.001686256016862231
2165,2020-12-28,0.007084079120836861
2166,2020-12-29,-0.003519132826381721
2167,2020-12-30,0.0028624755408745983
2168,2020-12-31,0.005126865828540161
2169,2021-01-03,0.0001123980654469392
2170,2021-01-04,-0.012709135933370419
2171,2021-01-05,0.004671952493758624
2172,2021-01-06,0.01675743966369403
2173,2021-01-07,0.006229564218918071
2174,2021-01-08,0.0020501536451558167
2175,2021-01-10,-0.0034686841072666397
2176,2021-01-11,0.0004608243184360816
2177,2021-01-12,0.001794223681349294
2178,2021-01-13,-0.0002569938030703156
2179,2021-01-14,-0.0016983331187709894
2180,2021-01-15,-0.008826114353848169
2181,2021-01-17,1.5279070266771555e-05
2182,2021-01-18,0.0036819428081695804
2183,2021-01-19,0.004461648774006122
2184,2021-01-20,0.006316105035560682
2185,2021-01-21,-0.0020624086824572174
2186,2021-01-22,-0.004175344676301762
2187,2021-01-24,0.0014517803271267837
2188,2021-01-25,-0.004130825618716472
2189,2021-01-26,0.0004379582308917662
2190,2021-01-27,-0.02816936372297718
2191,2021-01-28,0.014812520117978067
2192,2021-01-29,-0.019160487163853546
2193,2021-01-31,-0.0052360610832273835
2194,2021-02-01,0.014986502952591962
2195,2021-02-02,0.01571365557344606
2196,2021-02-03,0.0017548208577622404
2197,2021-02-04,0.009440949184522651
2198,2021-02-05,0.00353397736910388
2199,2021-02-07,4.906199558085689e-05
2200,2021-02-08,0.005833372042385321
2201,2021-02-09,0.0006864459607811568
2202,2021-02-10,0.0014328787226105533
2203,2021-02-11,0.00041187899011596585
2204,2021-02-12,0.0011923789971550747
2205,2021-02-14,0.00054074164015816
2206,2021-02-15,0.0038484940935443746
2207,2021-02-16,-0.004357157754609986
2208,2021-02-17,0.0050516471406520935
2209,2021-02-18,-0.005448406564859454
2210,2021-02-19,0.00011056208153092939
2211,2021-02-21,0.000984035650244408
2212,2021-02-22,0.0017754174198110206
2213,2021-02-23,-0.0011399130557681048
2214,2021-02-24,0.01684055915330518
2215,2021-02-25,-0.0226796464876724
2216,2021-02-26,-0.014314239570309084
2217,2021-02-28,0.007174056172614129
2218,2021-03-01,0.014499605185291031
2219,2021-03-02,-0.0036972572792635106
2220,2021-03-03,-0.009983319920502609
2221,2021-03-04,-0.009271926116934281
2222,2021-03-05,0.02105148584438865
2223,2021-03-07,0.004558975214942862
2224,2021-03-08,0.009258248600973573
2225,2021-03-09,-0.003041097973111917
2226,2021-03-10,0.014103527770105373
2227,2021-03-11,0.006710900675479081
2228,2021-03-12,0.008310846096280855
2229,2021-03-14,0.002756625230775356
2230,2021-03-15,-1.763480263683448e-05
2231,2021-03-16,-0.0018719687555162068
2232,2021-03-17,0.008085064882052961
2233,2021-03-18,-0.006030378168130568
2234,2021-03-19,-0.008868759337360643
2235,2021-03-21,-0.0007513991134366904
2236,2021-03-22,0.0064847028814103425
2237,2021-03-23,-0.011441367457347695
2238,2021-03-24,0.0020737786108995238
2239,2021-03-25,0.005212868214643507
2240,2021-03-26,0.013291243666991193
2241,2021-03-28,-0.0027848053840617837
2242,2021-03-29,0.005831237600130379
2243,2021-03-30,-0.003740168132260635
2244,2021-03-31,-0.0009393505782302469
2245,2021-04-01,0.0036939212823074996
2246,2021-04-02,0.004514919560584474
2247,2021-04-04,0.001174277789919742
2248,2021-04-05,0.005740492574521028
2249,2021-04-06,-0.0017446723749969806
2250,2021-04-07,-8.959445789713527e-07
2251,2021-04-08,0.0026401467308154736
2252,2021-04-09,0.005377986246285715
2253,2021-04-11,-1.3924472003878918e-05
2254,2021-04-12,1.510952449912395e-05
2255,2021-04-13,-0.0031928811455035344
2256,2021-04-14,0.0038121751677646643
2257,2021-04-15,0.00784574525372328
2258,2021-04-16,0.003798217928181913
2259,2021-04-18,-0.0022407109050561758
2260,2021-04-19,0.0012440270214515436
2261,2021-04-20,-0.009623664273272325
2262,2021-04-21,0.007880301589633376
2263,2021-04-22,-0.007542877406324422
2264,2021-04-23,0.005648593311139649
2265,2021-04-25,-0.00014878082521363467
2266,2021-04-26,-8.675002477076532e-05
2267,2021-04-27,-0.0028127161357236474
2268,2021-04-28,-0.001713413602001168
2269,2021-04-29,0.005199935497675057
2270,2021-04-30,-0.00329632370150712
2271,2021-05-02,0.0018555556827486441
2272,2021-05-03,0.00317376032788097
2273,2021-05-04,0.0016286572641703856
2274,2021-05-05,0.0026156547103060035
2275,2021-05-06,0.008322559556173559
2276,2021-05-07,0.00820789224179208
2277,2021-05-09,0.0006158711270654038
2278,2021-05-10,-0.0006164458108255388
2279,2021-05-11,-0.014863489495814619
2280,2021-05-12,-0.01814439313981886
2281,2021-05-13,0.0113690409385665
2282,2021-05-14,0.010739976032702714
2283,2021-05-16,-0.0009358180934242455
2284,2021-05-17,0.0005081241986939489
2285,2021-05-18,-0.013590715747533011
2286,2021-05-19,-0.004547330044459841
2287,2021-05-20,0.010245553858243994
2288,2021-05-21,0.003100702499029495
2289,2021-05-23,-0.0005260500939687773
2290,2021-05-24,0.006349281488724046
2291,2021-05-25,-0.0022463694076524376
2292,2021-05-26,-0.0015351629068689476
2293,2021-05-27,0.008920533508586459
2294,2021-05-28,-0.0017934922736877468
2295,2021-05-30,0.00023318555087925574
2296,2021-05-31,-0.001231637613496872
2297,2021-06-01,0.0006665173088560294
2298,2021-06-02,0.0018212455612456324
2299,2021-06-03,-0.001735285014015986
2300,2021-06-04,0.005599849827490289
2301,2021-06-06,0.0010921831785868363
2302,2021-06-07,-0.004999797287497998
2303,2021-06-08,-0.00036006868742433085
2304,2021-06-09,-0.003635973423152805
2305,2021-06-10,-0.0004268054296865387
2306,2021-06-11,-0.0001015780911917119
2307,2021-06-13,0.0010367724713500337
2308,2021-06-14,-0.00398004821455622
2309,2021-06-15,-0.0020251481279647265
2310,2021-06-16,-0.01067345418138288
2311,2021-06-17,-0.0031296195441079533
2312,2021-06-18,-0.015708396117581458
2313,2021-06-20,-0.0009777432998578917
2314,2021-06-21,0.01935928362550854
2315,2021-06-22,0.00216611014019108
2316,2021-06-23,-0.0016079293480188994
2317,2021-06-24,0.011446999362419774
2318,2021-06-25,0.004513929598221722
2319,2021-06-27,0.001211659424431133
2320,2021-06-28,-0.00674698375746452
2321,2021-06-29,0.001529516551281418
2322,2021-06-30,0.006911154175798018
2323,2021-07-01,0.001255528914542836
2324,2021-07-02,0.0042400145121437305
2325,2021-07-04,-0.00038874304240898994
2326,2021-07-05,0.0024421693865672722
2327,2021-07-06,-0.009691602643904673
2328,2021-07-07,0.005259327754430387
2329,2021-07-08,-0.008325018991589772
2330,2021-07-09,0.013920801571849495
2331,2021-07-11,0.0005868352303028956
2332,2021-07-12,0.0032887266049073105
2333,2021-07-13,-0.0042059694105827106
2334,2021-07-14,0.0015759112351858562
2335,2021-07-15,3.580033540373506e-05
2336,2021-07-16,-0.007784434086367753
2337,2021-07-18,-0.002442818822379067
2338,2021-07-19,-0.015042310000705328
2339,2021-07-20,0.01588075983570647
2340,2021-07-21,0.007017485928898282
2341,2021-07-22,0.0009170790506285442
2342,2021-07-23,0.0051779111831020685
2343,2021-07-25,-0.00041438949249261725
2344,2021-07-26,0.002068808101649111
2345,2021-07-27,-0.0018125056354811875
2346,2021-07-28,-0.0014847830061377465
2347,2021-07-29,0.0008864513344803981
2348,2021-07-30,-0.001464796473923613
2349,2021-08-01,0.002690135742936306
2350,2021-08-02,-0.004529740411657102
2351,2021-08-03,0.0045029883574496665
2352,2021-08-04,-0.006723776538832382
2353,2021-08-05,0.005054208125834236
