"","No","year","month","day","hour","pm2.5","DewPoint","Temperature","Pressure","WindSpeed","Snow","Rainfall"
"1",42361,2014,11,1,0,180,10,13,1019,1.79,0,0
"2",42362,2014,11,1,1,189,8,9,1019,0.89,0,0
"3",42363,2014,11,1,2,215,8,9,1019,1.34,0,0
"4",42364,2014,11,1,3,180,8,8,1019,1.79,0,0
"5",42365,2014,11,1,4,81,6,6,1019,0.89,0,0
"6",42366,2014,11,1,5,78,4,4,1019,1.79,0,0
"7",42367,2014,11,1,6,24,5,6,1019,0.89,0,0
"8",42368,2014,11,1,7,26,5,5,1020,0.89,0,0
"9",42369,2014,11,1,8,29,6,8,1020,1.78,0,0
"10",42370,2014,11,1,9,22,6,11,1020,2.67,0,0
"11",42371,2014,11,1,10,14,2,14,1021,4.92,0,0
"12",42372,2014,11,1,11,11,-2,15,1020,12.97,0,0
"13",42373,2014,11,1,12,12,-6,15,1020,20.12,0,0
"14",42374,2014,11,1,13,11,-6,15,1019,25.93,0,0
"15",42375,2014,11,1,14,13,-7,16,1018,31.74,0,0
"16",42376,2014,11,1,15,12,-7,16,1018,37.55,0,0
"17",42377,2014,11,1,16,9,-9,15,1018,44.7,0,0
"18",42378,2014,11,1,17,10,-8,15,1018,50.51,0,0
"19",42379,2014,11,1,18,10,-7,14,1018,56.32,0,0
"20",42380,2014,11,1,19,15,-6,14,1019,61.24,0,0
"21",42381,2014,11,1,20,18,-5,14,1019,65.26,0,0
"22",42382,2014,11,1,21,18,-5,13,1020,69.28,0,0
"23",42383,2014,11,1,22,14,-7,13,1021,77.33,0,0
"24",42384,2014,11,1,23,16,-8,12,1021,88.51,0,0
"25",42385,2014,11,2,0,10,-10,11,1022,98.34,0,0
"26",42386,2014,11,2,1,9,-10,10,1022,106.39,0,0
"27",42387,2014,11,2,2,6,-11,10,1022,113.54,0,0
"28",42388,2014,11,2,3,8,-12,9,1022,120.69,0,0
"29",42389,2014,11,2,4,6,-11,9,1022,130.52,0,0
"30",42390,2014,11,2,5,3,-11,9,1023,138.57,0,0
"31",42391,2014,11,2,6,2,-10,8,1023,147.51,0,0
"32",42392,2014,11,2,7,8,-9,9,1024,153.32,0,0
"33",42393,2014,11,2,8,8,-8,10,1025,159.13,0,0
"34",42394,2014,11,2,9,7,-9,11,1026,164.05,0,0
"35",42395,2014,11,2,10,6,-10,11,1025,171.2,0,0
"36",42396,2014,11,2,11,8,-10,12,1025,177.01,0,0
"37",42397,2014,11,2,12,6,-10,14,1024,184.16,0,0
"38",42398,2014,11,2,13,9,-12,14,1023,193.99,0,0
"39",42399,2014,11,2,14,8,-12,14,1022,202.93,0,0
"40",42400,2014,11,2,15,7,-12,15,1022,210.08,0,0
"41",42401,2014,11,2,16,10,-12,15,1022,218.13,0,0
"42",42402,2014,11,2,17,10,-12,14,1022,223.94,0,0
"43",42403,2014,11,2,18,11,-11,13,1022,229.75,0,0
"44",42404,2014,11,2,19,10,-11,12,1022,234.67,0,0
"45",42405,2014,11,2,20,7,-11,12,1022,238.69,0,0
"46",42406,2014,11,2,21,8,-7,8,1023,240.48,0,0
"47",42407,2014,11,2,22,7,-5,5,1022,0.89,0,0
"48",42408,2014,11,2,23,10,-4,5,1022,1.78,0,0
"49",42409,2014,11,3,0,17,-3,3,1022,2.67,0,0
"50",42410,2014,11,3,1,22,-3,3,1022,3.12,0,0
"51",42411,2014,11,3,2,28,-5,4,1022,4.91,0,0
"52",42412,2014,11,3,3,28,-3,3,1022,0.89,0,0
"53",42413,2014,11,3,4,26,-3,3,1022,0.45,0,0
"54",42414,2014,11,3,5,25,-4,1,1022,3.13,0,0
"55",42415,2014,11,3,6,20,-3,0,1022,0.89,0,0
"56",42416,2014,11,3,7,11,-3,0,1022,1.78,0,0
"57",42417,2014,11,3,8,28,-1,5,1023,1.79,0,0
"58",42418,2014,11,3,9,39,-4,10,1023,0.89,0,0
"59",42419,2014,11,3,10,38,-6,13,1022,1.79,0,0
"60",42420,2014,11,3,11,14,-5,15,1022,1.79,0,0
"61",42421,2014,11,3,12,11,-5,17,1021,3.58,0,0
"62",42422,2014,11,3,13,18,-7,18,1019,3.13,0,0
"63",42423,2014,11,3,14,8,-8,19,1018,6.26,0,0
"64",42424,2014,11,3,15,10,-8,20,1018,9.39,0,0
"65",42425,2014,11,3,16,10,-8,20,1018,12.52,0,0
"66",42426,2014,11,3,17,11,-8,20,1018,15.65,0,0
"67",42427,2014,11,3,18,23,-8,20,1018,18.78,0,0
"68",42428,2014,11,3,19,34,-5,14.66666667,1018,0.89,0,0
"69",42429,2014,11,3,20,40,1,9.333333333,1018,1.78,0,0
"70",42430,2014,11,3,21,43,0,4,1017,2.67,0,0
"71",42431,2014,11,3,22,48,0,4,1017,3.56,0,0
"72",42432,2014,11,3,23,57,0,4,1017,4.45,0,0
"73",42433,2014,11,4,0,61,0,4,1017,5.34,0,0
"74",42434,2014,11,4,1,60,0,4,1017,6.23,0,0
"75",42435,2014,11,4,2,68,-1,2,1017,1.79,0,0
"76",42436,2014,11,4,3,76,0,2,1016,2.68,0,0
"77",42437,2014,11,4,4,72,0,2,1016,0.45,0,0
"78",42438,2014,11,4,5,80,0,1,1016,0.9,0,0
"79",42439,2014,11,4,6,80,-1,1,1016,1.79,0,0
"80",42440,2014,11,4,7,66,0,1,1016,2.68,0,0
"81",42441,2014,11,4,8,64,1,3,1017,0.89,0,0
"82",42442,2014,11,4,9,85,0,7,1017,0.89,0,0
"83",42443,2014,11,4,10,96,-1,10,1017,1.79,0,0
"84",42444,2014,11,4,11,109,-1,11,1017,3.58,0,0
"85",42445,2014,11,4,12,118,0,13,1016,5.37,0,0
"86",42446,2014,11,4,13,141,-1,14,1015,8.5,0,0
"87",42447,2014,11,4,14,159,-1,15,1014,12.52,0,0
"88",42448,2014,11,4,15,153,0,15,1014,3.13,0,0
"89",42449,2014,11,4,16,153,0,15,1013,4.02,0,0
"90",42450,2014,11,4,17,152,1,12,1013,0.45,0,0
"91",42451,2014,11,4,18,157,3,8,1014,1.34,0,0
"92",42452,2014,11,4,19,159,3,7,1015,2.23,0,0
"93",42453,2014,11,4,20,196,3,6,1015,0.89,0,0
"94",42454,2014,11,4,21,208,3,5,1015,0.89,0,0
"95",42455,2014,11,4,22,215,2,5,1016,1.78,0,0
"96",42456,2014,11,4,23,255,2,4,1016,2.67,0,0
"97",42457,2014,11,5,0,239,1,4,1016,3.13,0,0
"98",42458,2014,11,5,1,232,1,4,1016,0.89,0,0
"99",42459,2014,11,5,2,210,2,3,1017,1.79,0,0
"100",42460,2014,11,5,3,184,0,3,1016,4.02,0,0
"101",42461,2014,11,5,4,174,0,4,1016,0.89,0,0
"102",42462,2014,11,5,5,164,-1,2,1016,1.79,0,0
"103",42463,2014,11,5,6,147,-1,3,1016,4.92,0,0
"104",42464,2014,11,5,7,98,-1,3,1017,6.71,0,0
"105",42465,2014,11,5,8,136,2,5,1018,8.5,0,0
"106",42466,2014,11,5,9,137,3,10,1018,10.29,0,0
"107",42467,2014,11,5,10,90,-2,14,1018,0.89,0,0
"108",42468,2014,11,5,11,14,-4,17,1018,1.79,0,0
"109",42469,2014,11,5,12,8,-8,19,1017,7.6,0,0
"110",42470,2014,11,5,13,8,-8,20,1016,14.75,0,0
"111",42471,2014,11,5,14,11,-9,20,1016,22.8,0,0
"112",42472,2014,11,5,15,9,-8,20,1016,29.95,0,0
"113",42473,2014,11,5,16,6,-8,20,1016,37.1,0,0
"114",42474,2014,11,5,17,6,-8,19,1016,41.12,0,0
"115",42475,2014,11,5,18,10,-8,18,1017,46.93,0,0
"116",42476,2014,11,5,19,10,-5,15,1019,50.95,0,0
"117",42477,2014,11,5,20,7,-7,13,1020,4.02,0,0
"118",42478,2014,11,5,21,6,-7,14,1022,4.92,0,0
"119",42479,2014,11,5,22,5,-6,10,1023,8.05,0,0
"120",42480,2014,11,5,23,6,-7,7,1024,1.79,0,0
"121",42481,2014,11,6,0,4,-7,7,1025,4.02,0,0
"122",42482,2014,11,6,1,5,-7,5,1025,8.04,0,0
"123",42483,2014,11,6,2,4,-8,7,1026,9.83,0,0
"124",42484,2014,11,6,3,3,-7,4,1026,11.62,0,0
"125",42485,2014,11,6,4,8,-7,5,1027,3.13,0,0
"126",42486,2014,11,6,5,9,-8,7,1028,4.92,0,0
"127",42487,2014,11,6,6,7,-8,7,1029,8.94,0,0
"128",42488,2014,11,6,7,7,-7,6,1029,13.86,0,0
"129",42489,2014,11,6,8,9,-6,8,1031,18.78,0,0
"130",42490,2014,11,6,9,11,-8,9,1032,24.59,0,0
"131",42491,2014,11,6,10,91.4226441631505,-8,9,1032,29.51,0,0
"132",42492,2014,11,6,11,9,-9,10,1032,35.32,0,0
"133",42493,2014,11,6,12,7,-12,10,1031,41.13,0,0
"134",42494,2014,11,6,13,4,-14,11,1030,46.05,0,0
"135",42495,2014,11,6,14,3,-16,11,1029,51.86,0,0
"136",42496,2014,11,6,15,4,-15,12,1029,55.88,0,0
"137",42497,2014,11,6,16,7,-17,12,1029,59.01,0,0
"138",42498,2014,11,6,17,6,-13,9,1030,59.9,0,0
"139",42499,2014,11,6,18,6,-8,5,1030,0.89,0,0
"140",42500,2014,11,6,19,33,-7,5,1031,1.78,0,0
"141",42501,2014,11,6,20,40,-5,4,1031,2.67,0,0
"142",42502,2014,11,6,21,40,-4,4,1032,0.89,0,0
"143",42503,2014,11,6,22,48,-5,2,1033,0.89,0,0
"144",42504,2014,11,6,23,44,-3,2,1033,0.89,0,0
"145",42505,2014,11,7,0,41,-3,2,1033,1.78,0,0
"146",42506,2014,11,7,1,44,-4,2,1033,0.89,0,0
"147",42507,2014,11,7,2,45,-5,3,1032,1.78,0,0
"148",42508,2014,11,7,3,79,-5,0,1032,2.67,0,0
"149",42509,2014,11,7,4,76,-4,1,1032,3.56,0,0
"150",42510,2014,11,7,5,79,-3,0,1032,0.89,0,0
"151",42511,2014,11,7,6,90,-4,0,1032,0.89,0,0
"152",42512,2014,11,7,7,73,-4,1,1033,1.78,0,0
"153",42513,2014,11,7,8,70,-4,1,1033,0.89,0,0
"154",42514,2014,11,7,9,66,-6,5,1034,0.89,0,0
"155",42515,2014,11,7,10,59,-7,6,1034,1.78,0,0
"156",42516,2014,11,7,11,62,-7,7,1033,2.67,0,0
"157",42517,2014,11,7,12,60,-6,8,1033,3.56,0,0
"158",42518,2014,11,7,13,41,-5,8,1032,4.45,0,0
"159",42519,2014,11,7,14,38,-6,9,1031,5.34,0,0
"160",42520,2014,11,7,15,33,-5,9,1030,1.79,0,0
"161",42521,2014,11,7,16,18,-4,9,1030,0.89,0,0
"162",42522,2014,11,7,17,28,-4,8,1030,1.78,0,0
"163",42523,2014,11,7,18,46,-3,5,1030,2.67,0,0
"164",42524,2014,11,7,19,51,-4,8,1030,3.13,0,0
"165",42525,2014,11,7,20,57,-3,8,1030,4.92,0,0
"166",42526,2014,11,7,21,37,-1,7,1031,1.79,0,0
"167",42527,2014,11,7,22,35,0,3,1031,2.68,0,0
"168",42528,2014,11,7,23,41,-1,2,1030,0.89,0,0
"169",42529,2014,11,8,0,46,-1,1,1030,0.89,0,0
"170",42530,2014,11,8,1,56,-2,-1,1030,1.79,0,0
"171",42531,2014,11,8,2,69,-3,-1,1030,3.58,0,0
"172",42532,2014,11,8,3,79,-1,0,1029,0.89,0,0
"173",42533,2014,11,8,4,76,-2,0,1029,0.89,0,0
"174",42534,2014,11,8,5,65,-2,-1,1029,2.68,0,0
"175",42535,2014,11,8,6,69,-5,-2,1029,5.81,0,0
"176",42536,2014,11,8,7,74,-4,0,1029,7.6,0,0
"177",42537,2014,11,8,8,79,-2,3,1030,10.73,0,0
"178",42538,2014,11,8,9,78,-2,5,1030,13.86,0,0
"179",42539,2014,11,8,10,87,-3,8,1029,15.65,0,0
"180",42540,2014,11,8,11,82,-2,9,1029,17.44,0,0
"181",42541,2014,11,8,12,74,-2,11,1028,1.79,0,0
"182",42542,2014,11,8,13,77,-4,11,1027,2.68,0,0
"183",42543,2014,11,8,14,84,-2,12,1026,1.79,0,0
"184",42544,2014,11,8,15,87,-2,13,1025,3.58,0,0
"185",42545,2014,11,8,16,91,-2,12,1025,7.6,0,0
"186",42546,2014,11,8,17,77,-2,11,1025,10.73,0,0
"187",42547,2014,11,8,18,74,-1,11,1025,1.79,0,0
"188",42548,2014,11,8,19,84,-1,6,1026,2.68,0,0
"189",42549,2014,11,8,20,89,-1,3,1026,3.57,0,0
"190",42550,2014,11,8,21,94,0,2,1027,0.89,0,0
"191",42551,2014,11,8,22,92,-1,2,1027,0.89,0,0
"192",42552,2014,11,8,23,97,0,1,1027,0.45,0,0
"193",42553,2014,11,9,0,92,-2,0,1027,1.79,0,0
"194",42554,2014,11,9,1,98,-2,-1,1028,3.58,0,0
"195",42555,2014,11,9,2,116,-1,0,1027,0.89,0,0
"196",42556,2014,11,9,3,113,-2,-1,1027,1.79,0,0
"197",42557,2014,11,9,4,101,-4,-2,1027,3.58,0,0
"198",42558,2014,11,9,5,87,-4,-1,1027,7.6,0,0
"199",42559,2014,11,9,6,54,-4,-1,1027,9.39,0,0
"200",42560,2014,11,9,7,50,-5,-1,1027,12.52,0,0
"201",42561,2014,11,9,8,42,-4,3,1027,16.54,0,0
"202",42562,2014,11,9,9,38,-3,8,1028,19.67,0,0
"203",42563,2014,11,9,10,38,-7,11,1027,22.8,0,0
"204",42564,2014,11,9,11,39,-9,12,1027,24.59,0,0
"205",42565,2014,11,9,12,33,-9,14,1025,1.79,0,0
"206",42566,2014,11,9,13,34,-8,16,1024,1.79,0,0
"207",42567,2014,11,9,14,40,-7,16,1023,3.13,0,0
"208",42568,2014,11,9,15,48,-5,16,1023,6.26,0,0
"209",42569,2014,11,9,16,45,-5,15,1023,9.39,0,0
"210",42570,2014,11,9,17,39,-4,15,1023,11.18,0,0
"211",42571,2014,11,9,18,44,-3,9,1023,12.97,0,0
"212",42572,2014,11,9,19,57,-1,6,1023,0.89,0,0
"213",42573,2014,11,9,20,77,0,5,1024,1.78,0,0
"214",42574,2014,11,9,21,76,-1,3,1024,2.67,0,0
"215",42575,2014,11,9,22,98,-1,3,1024,3.12,0,0
"216",42576,2014,11,9,23,101,-2,1,1024,0.89,0,0
"217",42577,2014,11,10,0,104,-1,2,1024,1.78,0,0
"218",42578,2014,11,10,1,106,-1,1,1024,0.89,0,0
"219",42579,2014,11,10,2,108,-2,-1,1024,1.79,0,0
"220",42580,2014,11,10,3,98,-4,2,1023,3.58,0,0
"221",42581,2014,11,10,4,79,-5,1,1023,5.37,0,0
"222",42582,2014,11,10,5,44,-6,1,1023,7.16,0,0
"223",42583,2014,11,10,6,33,-6,-1,1023,8.95,0,0
"224",42584,2014,11,10,7,45,-6,-1,1023,10.74,0,0
"225",42585,2014,11,10,8,53,-4,5,1024,12.53,0,0
"226",42586,2014,11,10,9,47,-5,8,1024,14.32,0,0
"227",42587,2014,11,10,10,42,-6,10,1023,16.11,0,0
"228",42588,2014,11,10,11,34,-7,12,1023,0.89,0,0
"229",42589,2014,11,10,12,38,-8,14,1022,1.78,0,0
"230",42590,2014,11,10,13,41,-5,15,1021,1.79,0,0
"231",42591,2014,11,10,14,56,-6,15,1020,4.92,0,0
"232",42592,2014,11,10,15,59,-6,15,1019,8.05,0,0
"233",42593,2014,11,10,16,68,-6,15,1019,11.18,0,0
"234",42594,2014,11,10,17,79,-4,13,1019,0.45,0,0
"235",42595,2014,11,10,18,79,-2,9,1019,1.34,0,0
"236",42596,2014,11,10,19,111,-1,12,1020,4.02,0,0
"237",42597,2014,11,10,20,147,1,9,1019,5.81,0,0
"238",42598,2014,11,10,21,153,0,5,1019,0.89,0,0
"239",42599,2014,11,10,22,145,0,4,1019,1.78,0,0
"240",42600,2014,11,10,23,143,1,4,1019,2.67,0,0
"241",42601,2014,11,11,0,144,1,2,1019,3.12,0,0
"242",42602,2014,11,11,1,200,0,2,1019,4.01,0,0
"243",42603,2014,11,11,2,239,0,1,1018,4.9,0,0
"244",42604,2014,11,11,3,185,-1,2,1018,5.79,0,0
"245",42605,2014,11,11,4,163,0,2,1018,6.68,0,0
"246",42606,2014,11,11,5,28,-2,7,1017,3.13,0,0
"247",42607,2014,11,11,6,12,-2,5,1018,4.92,0,0
"248",42608,2014,11,11,7,9,-7,11,1018,12.97,0,0
"249",42609,2014,11,11,8,9,-7,11,1018,18.78,0,0
"250",42610,2014,11,11,9,11,-7,11,1018,25.93,0,0
"251",42611,2014,11,11,10,15,-8,12,1018,33.98,0,0
"252",42612,2014,11,11,11,13,-7,13,1018,42.03,0,0
"253",42613,2014,11,11,12,14,-7,14,1018,53.21,0,0
"254",42614,2014,11,11,13,17,-5,13,1017,63.04,0,0
"255",42615,2014,11,11,14,18,-6,12,1018,71.98,0,0
"256",42616,2014,11,11,15,16,-7,12,1018,80.92,0,0
"257",42617,2014,11,11,16,11,-8,12,1018,90.75,0,0
"258",42618,2014,11,11,17,7,-8,11,1018,98.8,0,0
"259",42619,2014,11,11,18,9,-8,9,1018,103.72,0,0
"260",42620,2014,11,11,19,13,-8,11,1019,106.85,0,0
"261",42621,2014,11,11,20,16,-6,6,1019,108.64,0,0
"262",42622,2014,11,11,21,8,-10,10,1021,116.69,0,0
"263",42623,2014,11,11,22,19,-13,9,1022,124.74,0,0
"264",42624,2014,11,11,23,8,-15,8,1023,133.68,0,0
"265",42625,2014,11,12,0,9,-14,7,1023,140.83,0,0
"266",42626,2014,11,12,1,5,-15,7,1023,148.88,0,0
"267",42627,2014,11,12,2,2,-15,6,1023,156.03,0,0
"268",42628,2014,11,12,3,2,-16,6,1023,161.84,0,0
"269",42629,2014,11,12,4,3,-15,4,1023,165.86,0,0
"270",42630,2014,11,12,5,3,-16,5,1023,173.91,0,0
"271",42631,2014,11,12,6,6,-16,4,1023,181.96,0,0
"272",42632,2014,11,12,7,4,-18,3,1024,191.79,0,0
"273",42633,2014,11,12,8,4,-19,4,1026,202.97,0,0
"274",42634,2014,11,12,9,5,-20,5,1027,215.04,0,0
"275",42635,2014,11,12,10,6,-22,6,1027,227.11,0,0
"276",42636,2014,11,12,11,6,-22,6,1027,240.07,0,0
"277",42637,2014,11,12,12,5,-22,7,1027,252.14,0,0
"278",42638,2014,11,12,13,4,-21,8,1026,261.97,0,0
"279",42639,2014,11,12,14,6,-21,8,1026,271.8,0,0
"280",42640,2014,11,12,15,5,-20,8,1025,279.85,0,0
"281",42641,2014,11,12,16,3,-19,8,1025,284.77,0,0
"282",42642,2014,11,12,17,5,-17,5,1025,288.79,0,0
"283",42643,2014,11,12,18,7,-18,6,1026,293.71,0,0
"284",42644,2014,11,12,19,9,-17,5,1026,299.52,0,0
"285",42645,2014,11,12,20,11,-17,5,1027,306.67,0,0
"286",42646,2014,11,12,21,12,-15,3,1027,313.82,0,0
"287",42647,2014,11,12,22,15,-16,3,1028,1.79,0,0
"288",42648,2014,11,12,23,17,-15,2,1028,4.02,0,0
"289",42649,2014,11,13,0,12,-16,4,1028,8.04,0,0
"290",42650,2014,11,13,1,11,-16,3,1028,12.06,0,0
"291",42651,2014,11,13,2,12,-11,-1,1028,1.79,0,0
"292",42652,2014,11,13,3,12,-14,0,1028,2.68,0,0
"293",42653,2014,11,13,4,11,-11,0,1027,1.79,0,0
"294",42654,2014,11,13,5,13,-8,-2,1027,0.89,0,0
"295",42655,2014,11,13,6,15,-10,-3,1026,1.78,0,0
"296",42656,2014,11,13,7,21,-9,-4,1026,0.89,0,0
"297",42657,2014,11,13,8,21,-7,0,1026,1.78,0,0
"298",42658,2014,11,13,9,40,-11,5,1027,3.13,0,0
"299",42659,2014,11,13,10,40,-11,8,1026,4.92,0,0
"300",42660,2014,11,13,11,20,-13,10,1026,4.92,0,0
"301",42661,2014,11,13,12,16,-14,11,1025,9.84,0,0
"302",42662,2014,11,13,13,26,-14,12,1024,17.89,0,0
"303",42663,2014,11,13,14,25,-15,12,1023,25.04,0,0
"304",42664,2014,11,13,15,25,-15,12,1022,32.19,0,0
"305",42665,2014,11,13,16,35,-15,12,1022,39.34,0,0
"306",42666,2014,11,13,17,91.4226441631505,-13,12,1022,44.26,0,0
"307",42667,2014,11,13,18,31,-13,10,1022,4.02,0,0
"308",42668,2014,11,13,19,30,-12,10,1023,8.94,0,0
"309",42669,2014,11,13,20,33,-12,8,1023,12.96,0,0
"310",42670,2014,11,13,21,45,-12,8,1023,16.98,0,0
"311",42671,2014,11,13,22,53,-11,7,1023,20.11,0,0
"312",42672,2014,11,13,23,44,-9,2,1024,1.79,0,0
"313",42673,2014,11,14,0,43,-8,0,1024,4.92,0,0
"314",42674,2014,11,14,1,52,-9,0,1024,6.71,0,0
"315",42675,2014,11,14,2,52,-9,-1,1025,8.5,0,0
"316",42676,2014,11,14,3,52,-9,-1,1025,9.39,0,0
"317",42677,2014,11,14,4,54,-9,-2,1025,11.18,0,0
"318",42678,2014,11,14,5,52,-9,-2,1025,12.97,0,0
"319",42679,2014,11,14,6,49,-9,-3,1025,14.76,0,0
"320",42680,2014,11,14,7,49,-9,-2,1026,17.89,0,0
"321",42681,2014,11,14,8,40,-8,1,1027,21.02,0,0
"322",42682,2014,11,14,9,41,-10,6,1028,1.79,0,0
"323",42683,2014,11,14,10,24,-11,9,1028,1.79,0,0
"324",42684,2014,11,14,11,30,-14,10,1028,3.58,0,0
"325",42685,2014,11,14,12,21,-13,11,1027,5.37,0,0
"326",42686,2014,11,14,13,22,-12,13,1026,7.16,0,0
"327",42687,2014,11,14,14,20,-13,14,1026,8.05,0,0
"328",42688,2014,11,14,15,21,-13,13,1026,1.79,0,0
"329",42689,2014,11,14,16,21,-13,12,1026,3.13,0,0
"330",42690,2014,11,14,17,25,-13,9,1026,4.92,0,0
"331",42691,2014,11,14,18,32,-12,8,1027,8.05,0,0
"332",42692,2014,11,14,19,35,-9,6,1027,0.89,0,0
"333",42693,2014,11,14,20,50,-9,4,1028,1.79,0,0
"334",42694,2014,11,14,21,74,-7,2,1028,2.68,0,0
"335",42695,2014,11,14,22,64,-8,3,1028,4.47,0,0
"336",42696,2014,11,14,23,90,-9,3,1028,5.36,0,0
"337",42697,2014,11,15,0,138,-9,2,1028,1.79,0,0
"338",42698,2014,11,15,1,182,-5,1,1029,0.45,0,0
"339",42699,2014,11,15,2,210,-7,1,1029,0.89,0,0
"340",42700,2014,11,15,3,208,-5,1,1029,0.89,0,0
"341",42701,2014,11,15,4,152,-5,1,1029,0.89,0,0
"342",42702,2014,11,15,5,122,-6,0,1029,1.78,0,0
"343",42703,2014,11,15,6,87,-5,0,1029,3.57,0,0
"344",42704,2014,11,15,7,62,-5,0,1029,0.89,0,0
"345",42705,2014,11,15,8,52,-6,0,1029,1.79,0,0
"346",42706,2014,11,15,9,52,-7,4,1029,0.45,0,0
"347",42707,2014,11,15,10,59,-7,5,1029,1.34,0,0
"348",42708,2014,11,15,11,96,-7,8,1028,2.23,0,0
"349",42709,2014,11,15,12,128,-6,8,1028,3.12,0,0
"350",42710,2014,11,15,13,141,-6,8,1027,1.79,0,0
"351",42711,2014,11,15,14,167,-5,8,1026,0.89,0,0
"352",42712,2014,11,15,15,206,-5,8,1026,0.89,0,0
"353",42713,2014,11,15,16,227,-4,8,1026,1.79,0,0
"354",42714,2014,11,15,17,246,-3,7,1026,2.68,0,0
"355",42715,2014,11,15,18,230,-4,6,1026,4.47,0,0
"356",42716,2014,11,15,19,239,-4,4,1026,7.6,0,0
"357",42717,2014,11,15,20,238,-4,5,1026,8.49,0,0
"358",42718,2014,11,15,21,250,-5,5,1027,10.28,0,0
"359",42719,2014,11,15,22,261,-4,4,1027,12.07,0,0
"360",42720,2014,11,15,23,283,-5,4,1027,0.89,0,0
"361",42721,2014,11,16,0,273,-3,2,1026,1.78,0,0
"362",42722,2014,11,16,1,281,-3,1,1026,2.67,0,0
"363",42723,2014,11,16,2,218,-5,2,1026,3.56,0,0
"364",42724,2014,11,16,3,222,-4,2,1025,1.79,0,0
"365",42725,2014,11,16,4,206,-4,1,1025,0.89,0,0
"366",42726,2014,11,16,5,304,-3,1,1025,1.78,0,0
"367",42727,2014,11,16,6,299,-3,-1,1025,0.89,0,0
"368",42728,2014,11,16,7,284,-4,-1,1025,0.89,0,0
"369",42729,2014,11,16,8,266,-4,0,1026,0.89,0,0
"370",42730,2014,11,16,9,256,-1,5,1026,2.68,0,0
"371",42731,2014,11,16,10,79,-2,7,1026,5.81,0,0
"372",42732,2014,11,16,11,38,-3,10,1026,8.94,0,0
"373",42733,2014,11,16,12,22,-5,11,1025,14.75,0,0
"374",42734,2014,11,16,13,15,-6,12,1025,21.9,0,0
"375",42735,2014,11,16,14,21,-6,12,1024,29.95,0,0
"376",42736,2014,11,16,15,18,-6,12,1024,38,0,0
"377",42737,2014,11,16,16,19,-5,11,1025,46.05,0,0
"378",42738,2014,11,16,17,16,-5,10,1025,51.86,0,0
"379",42739,2014,11,16,18,17,-8,10,1026,59.01,0,0
"380",42740,2014,11,16,19,15,-8,9,1027,66.16,0,0
"381",42741,2014,11,16,20,24,-7,9,1028,73.31,0,0
"382",42742,2014,11,16,21,12,-7,8,1029,79.12,0,0
"383",42743,2014,11,16,22,19,-7,8,1030,84.04,0,0
"384",42744,2014,11,16,23,13,-8,7,1030,91.19,0,0
"385",42745,2014,11,17,0,12,-8,7,1030,97,0,0
"386",42746,2014,11,17,1,13,-8,6,1030,101.92,0,0
"387",42747,2014,11,17,2,12,-9,6,1030,107.73,0,0
"388",42748,2014,11,17,3,13,-9,6,1030,114.88,0,0
"389",42749,2014,11,17,4,11,-9,5,1030,120.69,0,0
"390",42750,2014,11,17,5,11,-8,2,1031,0.89,0,0
"391",42751,2014,11,17,6,9,-9,2,1031,1.78,0,0
"392",42752,2014,11,17,7,11,-7,-1,1032,1.79,0,0
"393",42753,2014,11,17,8,17,-6,2,1033,3.58,0,0
"394",42754,2014,11,17,9,19,-8,8,1033,3.13,0,0
"395",42755,2014,11,17,10,19,-9,9,1033,7.15,0,0
"396",42756,2014,11,17,11,16,-9,10,1032,8.94,0,0
"397",42757,2014,11,17,12,14,-11,11,1031,13.86,0,0
"398",42758,2014,11,17,13,15,-11,12,1030,18.78,0,0
"399",42759,2014,11,17,14,15,-11,12,1029,23.7,0,0
"400",42760,2014,11,17,15,8,-12,12,1029,28.62,0,0
"401",42761,2014,11,17,16,13,-13,12,1029,33.54,0,0
"402",42762,2014,11,17,17,16,-13,12,1029,36.67,0,0
"403",42763,2014,11,17,18,27,-10,7,1030,0.89,0,0
"404",42764,2014,11,17,19,47,-9,4,1030,1.78,0,0
"405",42765,2014,11,17,20,54,-6,3,1030,2.67,0,0
"406",42766,2014,11,17,21,62,-6,2,1030,3.56,0,0
"407",42767,2014,11,17,22,66,-6,1,1031,0.89,0,0
"408",42768,2014,11,17,23,72,-7,1,1031,0.89,0,0
"409",42769,2014,11,18,0,81,-6,0,1030,0.89,0,0
"410",42770,2014,11,18,1,138,-7,-2,1030,1.78,0,0
"411",42771,2014,11,18,2,121,-6,-2,1030,3.57,0,0
"412",42772,2014,11,18,3,78,-5,-1,1030,5.36,0,0
"413",42773,2014,11,18,4,78,-7,-3,1030,7.15,0,0
"414",42774,2014,11,18,5,63,-8,-2,1030,10.28,0,0
"415",42775,2014,11,18,6,45,-8,-2,1030,12.07,0,0
"416",42776,2014,11,18,7,39,-7,-1,1030,13.86,0,0
"417",42777,2014,11,18,8,40,-7,1,1031,15.65,0,0
"418",42778,2014,11,18,9,42,-7,4,1031,18.78,0,0
"419",42779,2014,11,18,10,41,-8,8,1031,21.91,0,0
"420",42780,2014,11,18,11,53,-8,10,1031,0.89,0,0
"421",42781,2014,11,18,12,52,-8,11,1030,2.68,0,0
"422",42782,2014,11,18,13,61,-8,12,1029,4.47,0,0
"423",42783,2014,11,18,14,59,-8,13,1028,6.26,0,0
"424",42784,2014,11,18,15,53,-8,13,1027,1.79,0,0
"425",42785,2014,11,18,16,59,-8,12,1027,4.92,0,0
"426",42786,2014,11,18,17,63,-8,10,1027,0.89,0,0
"427",42787,2014,11,18,18,86,-5,7,1027,0.89,0,0
"428",42788,2014,11,18,19,106,-5,5,1027,0.89,0,0
"429",42789,2014,11,18,20,136,-5,3,1028,1.78,0,0
"430",42790,2014,11,18,21,158,-5,2,1028,0.89,0,0
"431",42791,2014,11,18,22,189,-5,2,1028,0.89,0,0
"432",42792,2014,11,18,23,203,-5,0,1027,1.79,0,0
"433",42793,2014,11,19,0,221,-5,0,1027,0.89,0,0
"434",42794,2014,11,19,1,257,-5,0,1027,0.89,0,0
"435",42795,2014,11,19,2,333,-5,0,1026,1.34,0,0
"436",42796,2014,11,19,3,371,-3,0,1026,1.79,0,0
"437",42797,2014,11,19,4,354,-5,-2,1026,1.79,0,0
"438",42798,2014,11,19,5,273,-4,-2,1025,0.89,0,0
"439",42799,2014,11,19,6,255,-4,-1,1025,1.78,0,0
"440",42800,2014,11,19,7,165,-3,-1,1025,0.89,0,0
"441",42801,2014,11,19,8,198,-2,1,1025,0.89,0,0
"442",42802,2014,11,19,9,275,-2,4,1025,1.79,0,0
"443",42803,2014,11,19,10,320,-2,4,1025,0.89,0,0
"444",42804,2014,11,19,11,284,-1,6,1024,1.34,0,0
"445",42805,2014,11,19,12,346,-1,7,1023,2.23,0,0
"446",42806,2014,11,19,13,311,-1,8,1021,1.79,0,0
"447",42807,2014,11,19,14,372,0,8,1020,3.58,0,0
"448",42808,2014,11,19,15,399,0,9,1020,1.79,0,0
"449",42809,2014,11,19,16,370,-1,6,1020,0.89,0,0
"450",42810,2014,11,19,17,327,0,6,1020,0.89,0,0
"451",42811,2014,11,19,18,346,0,3,1020,1.78,0,0
"452",42812,2014,11,19,19,351,0,3,1020,2.23,0,0
"453",42813,2014,11,19,20,362,-1,2,1021,1.79,0,0
"454",42814,2014,11,19,21,394,-1,1,1021,0.89,0,0
"455",42815,2014,11,19,22,409,-1,1,1020,1.34,0,0
"456",42816,2014,11,19,23,384,-2,0,1020,1.79,0,0
"457",42817,2014,11,20,0,393,0,1,1019,0.89,0,0
"458",42818,2014,11,20,1,380,-1,1,1019,4.02,0,0
"459",42819,2014,11,20,2,330,-1,2,1018,5.81,0,0
"460",42820,2014,11,20,3,324,-1,0,1018,0.89,0,0
"461",42821,2014,11,20,4,334,-1,0,1017,0.89,0,0
"462",42822,2014,11,20,5,334,-1,0,1016,0.89,0,0
"463",42823,2014,11,20,6,368,-2,-1,1016,0.89,0,0
"464",42824,2014,11,20,7,360,-2,-1,1017,0.89,0,0
"465",42825,2014,11,20,8,324,-1,-1,1017,1.78,0,0
"466",42826,2014,11,20,9,299,-1,1,1018,2.67,0,0
"467",42827,2014,11,20,10,305,1,4,1018,1.79,0,0
"468",42828,2014,11,20,11,290,1,5,1018,0.89,0,0
"469",42829,2014,11,20,12,314,0,6,1017,1.79,0,0
"470",42830,2014,11,20,13,315,0,9,1016,1.79,0,0
"471",42831,2014,11,20,14,306,0,8,1016,3.13,0,0
"472",42832,2014,11,20,15,292,0,9,1016,7.15,0,0
"473",42833,2014,11,20,16,315,0,8,1016,8.94,0,0
"474",42834,2014,11,20,17,332,0,6,1017,9.83,0,0
"475",42835,2014,11,20,18,342,0,4,1017,0.89,0,0
"476",42836,2014,11,20,19,338,0,4,1018,0.89,0,0
"477",42837,2014,11,20,20,375,0,3,1018,0.89,0,0
"478",42838,2014,11,20,21,91.4226441631505,-2,0,1019,0.89,0,0
"479",42839,2014,11,20,22,91.4226441631505,-1,0,1020,0.45,0,0
"480",42840,2014,11,20,23,91.4226441631505,0,0,1020,1.34,0,0
"481",42841,2014,11,21,0,91.4226441631505,-2,-2,1020,1.79,0,0
"482",42842,2014,11,21,1,91.4226441631505,-3,-2,1020,3.58,0,0
"483",42843,2014,11,21,2,91.4226441631505,-2,-1,1020,6.71,0,0
"484",42844,2014,11,21,3,91.4226441631505,-2,-1,1019,8.5,0,0
"485",42845,2014,11,21,4,91.4226441631505,-1,1,1019,0.89,0,0
"486",42846,2014,11,21,5,91.4226441631505,-2,0,1019,3.13,0,0
"487",42847,2014,11,21,6,91.4226441631505,-2,0,1019,7.15,0,0
"488",42848,2014,11,21,7,91.4226441631505,-3,0,1020,11.17,0,0
"489",42849,2014,11,21,8,91.4226441631505,-3,0,1020,0.89,0,0
"490",42850,2014,11,21,9,287,-2,2,1021,1.78,0,0
"491",42851,2014,11,21,10,177,-2,6,1021,1.79,0,0
"492",42852,2014,11,21,11,133,-3,7,1021,0.89,0,0
"493",42853,2014,11,21,12,93,-4,10,1020,2.68,0,0
"494",42854,2014,11,21,13,82,-5,12,1019,3.57,0,0
"495",42855,2014,11,21,14,86,-5,13,1019,5.36,0,0
"496",42856,2014,11,21,15,88,-11,15,1019,4.92,0,0
"497",42857,2014,11,21,16,33,-15,14,1019,10.73,0,0
"498",42858,2014,11,21,17,16,-15,13,1020,15.65,0,0
"499",42859,2014,11,21,18,19,-14,12,1021,20.57,0,0
"500",42860,2014,11,21,19,22,-12,9,1022,3.13,0,0
"501",42861,2014,11,21,20,31,-11,7,1023,1.79,0,0
"502",42862,2014,11,21,21,37,-11,6,1024,4.92,0,0
"503",42863,2014,11,21,22,38,-11,4,1025,6.71,0,0
"504",42864,2014,11,21,23,30,-12,5,1025,8.5,0,0
"505",42865,2014,11,22,0,17,-12,4,1025,12.52,0,0
"506",42866,2014,11,22,1,9,-13,5,1026,15.65,0,0
"507",42867,2014,11,22,2,9,-10,2,1027,1.79,0,0
"508",42868,2014,11,22,3,12,-10,0,1027,3.13,0,0
"509",42869,2014,11,22,4,8,-7,-1,1027,4.92,0,0
"510",42870,2014,11,22,5,10,-11,0,1027,6.71,0,0
"511",42871,2014,11,22,6,13,-9,-3,1027,9.84,0,0
"512",42872,2014,11,22,7,15,-9,-3,1028,11.63,0,0
"513",42873,2014,11,22,8,29,-8,1,1028,14.76,0,0
"514",42874,2014,11,22,9,31,-9,6,1029,18.78,0,0
"515",42875,2014,11,22,10,37,-10,8,1029,21.91,0,0
"516",42876,2014,11,22,11,36,-11,10,1029,25.04,0,0
"517",42877,2014,11,22,12,31,-11,11,1028,26.83,0,0
"518",42878,2014,11,22,13,26,-12,11,1027,1.79,0,0
"519",42879,2014,11,22,14,28,-11,11,1026,3.58,0,0
"520",42880,2014,11,22,15,26,-13,11,1025,3.13,0,0
"521",42881,2014,11,22,16,38,-12,10,1025,6.26,0,0
"522",42882,2014,11,22,17,48,-11,8,1025,8.05,0,0
"523",42883,2014,11,22,18,65,-10,6,1025,9.84,0,0
"524",42884,2014,11,22,19,79,-10,5,1026,11.63,0,0
"525",42885,2014,11,22,20,101,-5,6,1026,14.76,0,0
"526",42886,2014,11,22,21,123,0,5,1026,17.89,0,0
"527",42887,2014,11,22,22,146,1,5,1027,19.68,0,0
"528",42888,2014,11,22,23,127,0,4,1027,21.47,0,0
"529",42889,2014,11,23,0,107,0,4,1026,23.26,0,0
"530",42890,2014,11,23,1,106,0,2,1027,24.15,0,0
"531",42891,2014,11,23,2,116,0,2,1026,0.45,0,0
"532",42892,2014,11,23,3,100,0,2,1026,0.89,0,0
"533",42893,2014,11,23,4,91,-1,1,1025,0.45,0,0
"534",42894,2014,11,23,5,91,-1,1,1025,0.9,0,0
"535",42895,2014,11,23,6,99,-1,0,1025,1.79,0,0
"536",42896,2014,11,23,7,110,-1,1,1026,3.13,0,0
"537",42897,2014,11,23,8,111,0,3,1026,4.92,0,0
"538",42898,2014,11,23,9,113,0,5,1026,6.71,0,0
"539",42899,2014,11,23,10,101,-1,6,1026,10.73,0,0
"540",42900,2014,11,23,11,101,0,6,1026,0.89,0,0
"541",42901,2014,11,23,12,111,1,7,1025,2.68,0,0
"542",42902,2014,11,23,13,114,1,8,1025,0.89,0,0
"543",42903,2014,11,23,14,119,2,8,1024,1.78,0,0
"544",42904,2014,11,23,15,141,2,9,1024,1.79,0,0
"545",42905,2014,11,23,16,149,1,8,1023,3.58,0,0
"546",42906,2014,11,23,17,134,1,6,1024,0.89,0,0
"547",42907,2014,11,23,18,143,1,4,1025,1.78,0,0
"548",42908,2014,11,23,19,174,1,2,1025,2.23,0,0
"549",42909,2014,11,23,20,182,0,1,1026,1.79,0,0
"550",42910,2014,11,23,21,181,0,1,1027,2.68,0,0
"551",42911,2014,11,23,22,186,-1,0,1027,1.79,0,0
"552",42912,2014,11,23,23,193,1,1,1027,0.45,0,0
"553",42913,2014,11,24,0,240,-2,-2,1027,1.79,0,0
"554",42914,2014,11,24,1,289,-1,-1,1027,6.71,0,0
"555",42915,2014,11,24,2,282,-1,2,1028,8.5,0,0
"556",42916,2014,11,24,3,188,-3,-2,1028,10.29,0,0
"557",42917,2014,11,24,4,175,-2,-1,1028,13.42,0,0
"558",42918,2014,11,24,5,150,-5,-3,1028,16.55,0,0
"559",42919,2014,11,24,6,116,-6,-2,1028,19.68,0,0
"560",42920,2014,11,24,7,100,-7,-2,1028,23.7,0,0
"561",42921,2014,11,24,8,42,-9,3,1028,3.13,0,0
"562",42922,2014,11,24,9,41,-6,6,1028,3.13,0,0
"563",42923,2014,11,24,10,30,-10,7,1028,4.92,0,0
"564",42924,2014,11,24,11,28,-12,9,1028,8.94,0,0
"565",42925,2014,11,24,12,19,-13,10,1027,10.73,0,0
"566",42926,2014,11,24,13,22,-13,11,1026,0.89,0,0
"567",42927,2014,11,24,14,22,-14,12,1025,1.78,0,0
"568",42928,2014,11,24,15,22,-13,12,1025,3.13,0,0
"569",42929,2014,11,24,16,31,-10,10,1025,7.15,0,0
"570",42930,2014,11,24,17,31,-9,7,1026,10.28,0,0
"571",42931,2014,11,24,18,44,-8,6,1026,13.41,0,0
"572",42932,2014,11,24,19,46,-7,5,1026,15.2,0,0
"573",42933,2014,11,24,20,62,-5,2,1026,16.09,0,0
"574",42934,2014,11,24,21,80,-5,2,1026,0.89,0,0
"575",42935,2014,11,24,22,129,-5,2,1026,1.78,0,0
"576",42936,2014,11,24,23,118,-4,2,1026,2.67,0,0
"577",42937,2014,11,25,0,90,-4,1,1026,0.89,0,0
"578",42938,2014,11,25,1,78,-4,1,1025,0.89,0,0
"579",42939,2014,11,25,2,86,-4,-1,1025,1.79,0,0
"580",42940,2014,11,25,3,111,-3,1,1025,0.89,0,0
"581",42941,2014,11,25,4,144,-3,-1,1024,1.78,0,0
"582",42942,2014,11,25,5,121,-4,0,1023,2.67,0,0
"583",42943,2014,11,25,6,112,-5,-2,1023,0.89,0,0
"584",42944,2014,11,25,7,111,-4,-1,1023,1.78,0,0
"585",42945,2014,11,25,8,146,-3,0,1023,2.67,0,0
"586",42946,2014,11,25,9,159,-3,3,1023,0.89,0,0
"587",42947,2014,11,25,10,151,-3,4,1023,1.78,0,0
"588",42948,2014,11,25,11,143,-3,5,1022,3.57,0,0
"589",42949,2014,11,25,12,157,-1,6,1021,4.46,0,0
"590",42950,2014,11,25,13,174,-2,7,1019,6.25,0,0
"591",42951,2014,11,25,14,199,-1,8,1018,7.14,0,0
"592",42952,2014,11,25,15,192,1,8,1018,4.02,0,0
"593",42953,2014,11,25,16,189,1,8,1017,8.94,0,0
"594",42954,2014,11,25,17,159,2,7,1018,12.96,0,0
"595",42955,2014,11,25,18,205,2,7,1017,14.75,0,0
"596",42956,2014,11,25,19,230,1,4,1017,0.45,0,0
"597",42957,2014,11,25,20,280,1,3,1017,1.79,0,0
"598",42958,2014,11,25,21,266,1,4,1017,3.58,0,0
"599",42959,2014,11,25,22,311,0,3,1016,5.37,0,0
"600",42960,2014,11,25,23,342,0,2,1016,7.16,0,0
"601",42961,2014,11,26,0,323,0,2,1016,8.95,0,0
"602",42962,2014,11,26,1,299,-1,1,1016,0.89,0,0
"603",42963,2014,11,26,2,283,-1,0,1015,1.78,0,0
"604",42964,2014,11,26,3,258,-2,-1,1015,1.79,0,0
"605",42965,2014,11,26,4,239,-2,-1,1015,0.45,0,0
"606",42966,2014,11,26,5,236,-2,-2,1015,1.34,0,0
"607",42967,2014,11,26,6,241,-2,-1,1015,2.23,0,0
"608",42968,2014,11,26,7,226,-2,-1,1015,0.89,0,0
"609",42969,2014,11,26,8,215,-2,-2,1015,1.78,0,0
"610",42970,2014,11,26,9,201,0,1,1016,0.89,0,0
"611",42971,2014,11,26,10,201,0,3,1017,1.78,0,0
"612",42972,2014,11,26,11,234,0,5,1016,2.67,0,0
"613",42973,2014,11,26,12,241,0,6,1016,3.56,0,0
"614",42974,2014,11,26,13,250,0,7,1015,1.79,0,0
"615",42975,2014,11,26,14,259,0,8,1015,0.89,0,0
"616",42976,2014,11,26,15,289,0,7,1015,1.78,0,0
"617",42977,2014,11,26,16,330,0,7,1016,1.79,0,0
"618",42978,2014,11,26,17,350,1,6,1016,2.68,0,0
"619",42979,2014,11,26,18,350,1,5,1018,3.57,0,0
"620",42980,2014,11,26,19,388,2,5,1018,4.46,0,0
"621",42981,2014,11,26,20,379,1,4,1019,5.35,0,0
"622",42982,2014,11,26,21,436,1,3,1020,0.45,0,0
"623",42983,2014,11,26,22,502,1,2,1020,1.34,0,0
"624",42984,2014,11,26,23,522,1,2,1020,2.23,0,0
"625",42985,2014,11,27,0,470,1,2,1021,3.12,0,0
"626",42986,2014,11,27,1,439,0,2,1022,3.13,0,0
"627",42987,2014,11,27,2,362,0,2,1022,7.15,0,0
"628",42988,2014,11,27,3,176,-7,6,1023,4.92,0,0
"629",42989,2014,11,27,4,98,-10,6,1023,8.05,0,0
"630",42990,2014,11,27,5,24,-13,7,1023,13.86,0,0
"631",42991,2014,11,27,6,20,-15,6,1024,18.78,0,0
"632",42992,2014,11,27,7,11,-16,6,1024,4.92,0,0
"633",42993,2014,11,27,8,11,-17,6,1025,12.07,0,0
"634",42994,2014,11,27,9,14,-18,6,1025,7.15,0,0
"635",42995,2014,11,27,10,14,-18,6,1026,12.07,0,0
"636",42996,2014,11,27,11,16,-17,6,1025,17.88,0,0
"637",42997,2014,11,27,12,13,-18,6,1025,5.81,0,0
"638",42998,2014,11,27,13,13,-18,6,1024,5.81,0,0
"639",42999,2014,11,27,14,14,-17,7,1024,10.73,0,0
"640",43000,2014,11,27,15,18,-17,7,1024,14.75,0,0
"641",43001,2014,11,27,16,17,-16,7,1023,17.88,0,0
"642",43002,2014,11,27,17,16,-16,6,1023,21.9,0,0
"643",43003,2014,11,27,18,20,-15,6,1023,23.69,0,0
"644",43004,2014,11,27,19,30,-13,4,1024,1.79,0,0
"645",43005,2014,11,27,20,24,-12,5,1024,3.58,0,0
"646",43006,2014,11,27,21,34,-10,5,1024,5.37,0,0
"647",43007,2014,11,27,22,37,-11,6,1024,0.89,0,0
"648",43008,2014,11,27,23,39,-11,6,1024,3.13,0,0
"649",43009,2014,11,28,0,34,-8,4,1023,4.02,0,0
"650",43010,2014,11,28,1,39,-8,4,1023,5.81,0,0
"651",43011,2014,11,28,2,49,-9,3,1022,7.6,0,0
"652",43012,2014,11,28,3,51,-9,3,1022,8.49,0,0
"653",43013,2014,11,28,4,52,-8,1,1021,10.28,0,0
"654",43014,2014,11,28,5,70,-7,1,1021,12.07,0,0
"655",43015,2014,11,28,6,83,-6,0,1021,15.2,0,0
"656",43016,2014,11,28,7,92,-6,0,1021,16.99,0,0
"657",43017,2014,11,28,8,95,-7,1,1022,20.12,0,0
"658",43018,2014,11,28,9,83,-8,5,1022,23.25,0,0
"659",43019,2014,11,28,10,66,-8,6,1022,26.38,0,0
"660",43020,2014,11,28,11,66,-8,7,1022,0.89,0,0
"661",43021,2014,11,28,12,77,-6,8,1020,1.78,0,0
"662",43022,2014,11,28,13,74,-5,9,1019,3.57,0,0
"663",43023,2014,11,28,14,70,-5,10,1019,3.13,0,0
"664",43024,2014,11,28,15,86,-4,10,1019,6.26,0,0
"665",43025,2014,11,28,16,90,-4,9,1019,9.39,0,0
"666",43026,2014,11,28,17,91,-4,8,1019,13.41,0,0
"667",43027,2014,11,28,18,99,-3,7,1019,17.43,0,0
"668",43028,2014,11,28,19,129,-2,6,1020,20.56,0,0
"669",43029,2014,11,28,20,168,-2,4,1020,22.35,0,0
"670",43030,2014,11,28,21,200,-3,1,1021,24.14,0,0
"671",43031,2014,11,28,22,214,-1,4,1021,25.93,0,0
"672",43032,2014,11,28,23,211,-1,3,1021,27.72,0,0
"673",43033,2014,11,29,0,219,-2,0,1021,28.61,0,0
"674",43034,2014,11,29,1,237,-2,0,1021,0.89,0,0
"675",43035,2014,11,29,2,248,-2,-1,1021,1.79,0,0
"676",43036,2014,11,29,3,254,-3,-1,1022,0.89,0,0
"677",43037,2014,11,29,4,254,-2,-1,1021,2.68,0,0
"678",43038,2014,11,29,5,252,-3,-2,1021,3.57,0,0
"679",43039,2014,11,29,6,277,-3,-2,1021,4.46,0,0
"680",43040,2014,11,29,7,291,-2,-1,1021,0.89,0,0
"681",43041,2014,11,29,8,287,-1,1,1021,1.78,0,0
"682",43042,2014,11,29,9,295,-1,2,1022,1.79,0,0
"683",43043,2014,11,29,10,287,0,2,1022,0.89,0,0
"684",43044,2014,11,29,11,325,0,3,1022,1.34,0,0
"685",43045,2014,11,29,12,301,1,4,1021,2.23,0,0
"686",43046,2014,11,29,13,311,1,4,1020,3.12,0,0
"687",43047,2014,11,29,14,369,1,4,1020,0.89,0,0
"688",43048,2014,11,29,15,380,1,4,1019,0.89,0,0
"689",43049,2014,11,29,16,393,2,4,1019,0.89,0,0
"690",43050,2014,11,29,17,344,2,4,1019,3.13,0,0
"691",43051,2014,11,29,18,343,2,4,1020,0.89,0,1
"692",43052,2014,11,29,19,343,3,4,1020,1.79,0,0
"693",43053,2014,11,29,20,323,2,3,1020,3.58,0,0
"694",43054,2014,11,29,21,328,3,4,1020,5.37,0,0
"695",43055,2014,11,29,22,312,2,4,1021,6.26,0,0
"696",43056,2014,11,29,23,264,2,4,1021,8.05,0,0
"697",43057,2014,11,30,0,242,2,4,1020,0.89,0,0
"698",43058,2014,11,30,1,254,2,4,1020,0.89,0,0
"699",43059,2014,11,30,2,204,3,4,1020,1.79,0,0
"700",43060,2014,11,30,3,194,3,4,1021,3.58,0,0
"701",43061,2014,11,30,4,227,2,4,1021,6.71,0,0
"702",43062,2014,11,30,5,242,2,3,1021,9.84,0,0
"703",43063,2014,11,30,6,235,2,3,1021,11.63,0,0
"704",43064,2014,11,30,7,168,2,4,1022,14.76,0,0
"705",43065,2014,11,30,8,20,-3,6,1022,21.91,0,0
"706",43066,2014,11,30,9,18,-4,6,1022,29.96,0,0
"707",43067,2014,11,30,10,16,-5,7,1022,38.01,0,0
"708",43068,2014,11,30,11,24,-11,8,1022,47.84,0,0
"709",43069,2014,11,30,12,23,-17,8,1022,57.67,0,0
"710",43070,2014,11,30,13,36,-21,7,1022,67.5,0,0
"711",43071,2014,11,30,14,43,-22,6,1022,78.68,0,0
"712",43072,2014,11,30,15,30,-24,5,1022,89.86,0,0
"713",43073,2014,11,30,16,19,-26,4,1024,101.04,0,0
"714",43074,2014,11,30,17,14,-26,3,1024,112.22,0,0
"715",43075,2014,11,30,18,18,-27,1,1026,120.27,0,0
"716",43076,2014,11,30,19,27,-29,1,1026,129.21,0,0
"717",43077,2014,11,30,20,31,-31,0,1028,142.17,0,0
"718",43078,2014,11,30,21,44,-28,-2,1029,152,0,0
"719",43079,2014,11,30,22,32,-28,-3,1030,164.07,0,0
"720",43080,2014,11,30,23,33,-26,-3,1030,179.27,0,0
"721",43081,2014,12,1,0,48,-25,-4,1030,190.45,0,0
"722",43082,2014,12,1,1,36,-24,-4,1029,200.28,0,0
"723",43083,2014,12,1,2,25,-22,-4,1030,207.43,0,0
"724",43084,2014,12,1,3,21,-22,-5,1029,215.48,0,0
"725",43085,2014,12,1,4,13,-21,-5,1030,220.4,0,0
"726",43086,2014,12,1,5,13,-22,-5,1031,230.23,0,0
"727",43087,2014,12,1,6,12,-22,-5,1031,243.19,0,0
"728",43088,2014,12,1,7,13,-22,-5,1032,255.26,0,0
"729",43089,2014,12,1,8,12,-22,-5,1032,269.12,0,0
"730",43090,2014,12,1,9,11,-22,-4,1033,278.95,0,0
"731",43091,2014,12,1,10,10,-22,-3,1034,290.13,0,0
"732",43092,2014,12,1,11,12,-22,-2,1033,302.2,0,0
"733",43093,2014,12,1,12,14,-22,-1,1033,313.38,0,0
"734",43094,2014,12,1,13,11,-23,0,1032,323.21,0,0
"735",43095,2014,12,1,14,10,-25,0,1031,332.15,0,0
"736",43096,2014,12,1,15,9,-23,-1,1031,343.33,0,0
"737",43097,2014,12,1,16,9,-24,-1,1032,351.38,0,0
"738",43098,2014,12,1,17,8,-22,-2,1032,359.43,0,0
"739",43099,2014,12,1,18,9,-23,-3,1032,365.24,0,0
"740",43100,2014,12,1,19,15,-22,-3,1032,372.39,0,0
"741",43101,2014,12,1,20,19,-22,-6,1033,376.41,0,0
"742",43102,2014,12,1,21,8,-21,-5,1033,380.43,0,0
"743",43103,2014,12,1,22,15,-22,-5,1034,385.35,0,0
"744",43104,2014,12,1,23,8,-20,-7,1033,388.48,0,0
"745",43105,2014,12,2,0,15,-20,-8,1033,390.27,0,0
"746",43106,2014,12,2,1,11,-20,-9,1033,394.29,0,0
"747",43107,2014,12,2,2,13,-21,-7,1032,3.13,0,0
"748",43108,2014,12,2,3,11,-21,-7,1031,7.15,0,0
"749",43109,2014,12,2,4,13,-21,-8,1030,11.17,0,0
"750",43110,2014,12,2,5,11,-22,-8,1030,14.3,0,0
"751",43111,2014,12,2,6,12,-22,-10,1030,16.09,0,0
"752",43112,2014,12,2,7,13,-21,-10,1030,1.79,0,0
"753",43113,2014,12,2,8,11,-21,-7,1030,4.92,0,0
"754",43114,2014,12,2,9,26,-20,-6,1031,8.05,0,0
"755",43115,2014,12,2,10,23,-21,-4,1030,9.84,0,0
"756",43116,2014,12,2,11,43,-21,-3,1029,0.89,0,0
"757",43117,2014,12,2,12,52,-19,-1,1028,2.68,0,0
"758",43118,2014,12,2,13,76,-19,0,1026,4.47,0,0
"759",43119,2014,12,2,14,66,-22,0,1025,6.26,0,0
"760",43120,2014,12,2,15,40,-21,0,1024,1.79,0,0
"761",43121,2014,12,2,16,67,-18,-1,1024,5.81,0,0
"762",43122,2014,12,2,17,81,-18,0,1024,9.83,0,0
"763",43123,2014,12,2,18,96,-18,-1,1024,11.62,0,0
"764",43124,2014,12,2,19,108,-17,-5,1024,0.89,0,0
"765",43125,2014,12,2,20,99,-18,-4,1025,1.78,0,0
"766",43126,2014,12,2,21,111,-15,-5,1025,2.67,0,0
"767",43127,2014,12,2,22,120,-15,-7,1025,0.89,0,0
"768",43128,2014,12,2,23,125,-17,-9,1025,3.13,0,0
"769",43129,2014,12,3,0,123,-18,-7,1025,4.92,0,0
"770",43130,2014,12,3,1,126,-17,-8,1025,8.05,0,0
"771",43131,2014,12,3,2,111,-17,-8,1025,9.84,0,0
"772",43132,2014,12,3,3,26,-17,-8,1026,0.89,0,0
"773",43133,2014,12,3,4,11,-22,-4,1026,4.02,0,0
"774",43134,2014,12,3,5,13,-24,-4,1026,8.04,0,0
"775",43135,2014,12,3,6,9,-23,-4,1026,15.19,0,0
"776",43136,2014,12,3,7,9,-23,-4,1027,20.11,0,0
"777",43137,2014,12,3,8,13,-23,-4,1028,25.92,0,0
"778",43138,2014,12,3,9,17,-23,-4,1029,29.94,0,0
"779",43139,2014,12,3,10,16,-23,-2,1029,37.99,0,0
"780",43140,2014,12,3,11,11,-23,-1,1028,46.04,0,0
"781",43141,2014,12,3,12,11,-25,0,1027,51.85,0,0
"782",43142,2014,12,3,13,17,-26,1,1026,57.66,0,0
"783",43143,2014,12,3,14,9,-25,1,1025,64.81,0,0
"784",43144,2014,12,3,15,9,-26,1,1025,73.75,0,0
"785",43145,2014,12,3,16,11,-24,1,1025,82.69,0,0
"786",43146,2014,12,3,17,8,-25,0,1025,90.74,0,0
"787",43147,2014,12,3,18,15,-22,-1,1026,95.66,0,0
"788",43148,2014,12,3,19,14,-22,-1,1027,100.58,0,0
"789",43149,2014,12,3,20,9,-22,-2,1028,105.5,0,0
"790",43150,2014,12,3,21,7,-22,-4,1028,108.63,0,0
"791",43151,2014,12,3,22,6,-21,-3,1028,112.65,0,0
"792",43152,2014,12,3,23,8,-21,-2,1029,118.46,0,0
"793",43153,2014,12,4,0,11,-23,-3,1029,125.61,0,0
"794",43154,2014,12,4,1,9,-22,-3,1028,130.53,0,0
"795",43155,2014,12,4,2,11,-22,-4,1028,135.45,0,0
"796",43156,2014,12,4,3,9,-22,-4,1028,138.58,0,0
"797",43157,2014,12,4,4,8,-22,-4,1027,141.71,0,0
"798",43158,2014,12,4,5,5,-22,-4,1027,145.73,0,0
"799",43159,2014,12,4,6,6,-21,-6,1027,1.79,0,0
"800",43160,2014,12,4,7,9,-21,-3,1027,4.02,0,0
"801",43161,2014,12,4,8,6,-21,-3,1028,8.94,0,0
"802",43162,2014,12,4,9,7,-21,-2,1028,14.75,0,0
"803",43163,2014,12,4,10,7,-21,-1,1028,20.56,0,0
"804",43164,2014,12,4,11,6,-21,-1,1027,29.5,0,0
"805",43165,2014,12,4,12,9,-24,0,1027,37.55,0,0
"806",43166,2014,12,4,13,11,-24,1,1026,46.49,0,0
"807",43167,2014,12,4,14,10,-24,1,1026,56.32,0,0
"808",43168,2014,12,4,15,10,-24,2,1026,64.37,0,0
"809",43169,2014,12,4,16,8,-24,1,1026,70.18,0,0
"810",43170,2014,12,4,17,7,-23,0,1026,75.1,0,0
"811",43171,2014,12,4,18,10,-22,-1,1027,80.02,0,0
"812",43172,2014,12,4,19,8,-22,-4,1027,84.94,0,0
"813",43173,2014,12,4,20,17,-23,-2,1028,4.02,0,0
"814",43174,2014,12,4,21,9,-22,-3,1028,5.81,0,0
"815",43175,2014,12,4,22,18,-24,-2,1029,15.64,0,0
"816",43176,2014,12,4,23,10,-23,-3,1029,24.58,0,0
"817",43177,2014,12,5,0,6,-22,-3,1029,33.52,0,0
"818",43178,2014,12,5,1,6,-22,-5,1029,38.44,0,0
"819",43179,2014,12,5,2,9,-22,-7,1028,41.57,0,0
"820",43180,2014,12,5,3,8,-22,-6,1029,44.7,0,0
"821",43181,2014,12,5,4,7,-21,-5,1029,3.13,0,0
"822",43182,2014,12,5,5,8,-21,-6,1029,0.89,0,0
"823",43183,2014,12,5,6,14,-21,-9,1029,3.13,0,0
"824",43184,2014,12,5,7,12,-21,-7,1029,3.13,0,0
"825",43185,2014,12,5,8,25,-19,-5,1029,5.81,0,0
"826",43186,2014,12,5,9,11,-20,-2,1029,12.96,0,0
"827",43187,2014,12,5,10,16,-20,-1,1029,16.98,0,0
"828",43188,2014,12,5,11,17,-23,2,1029,21.9,0,0
"829",43189,2014,12,5,12,13,-23,2,1027,29.05,0,0
"830",43190,2014,12,5,13,9,-23,3,1026,36.2,0,0
"831",43191,2014,12,5,14,91.4226441631505,-22,4,1025,41.12,0,0
"832",43192,2014,12,5,15,91.4226441631505,-22,3,1025,1.79,0,0
"833",43193,2014,12,5,16,11,-21,2,1025,1.79,0,0
"834",43194,2014,12,5,17,11,-22,0,1025,1.79,0,0
"835",43195,2014,12,5,18,32,-18,-2,1025,0.89,0,0
"836",43196,2014,12,5,19,97,-19,0,1025,2.68,0,0
"837",43197,2014,12,5,20,115,-15,-6,1025,0.89,0,0
"838",43198,2014,12,5,21,130,-15,-6,1026,1.79,0,0
"839",43199,2014,12,5,22,138,-16,-6,1026,1.79,0,0
"840",43200,2014,12,5,23,158,-16,-6,1026,3.58,0,0
"841",43201,2014,12,6,0,140,-15,-7,1026,0.45,0,0
"842",43202,2014,12,6,1,150,-15,-8,1027,1.79,0,0
"843",43203,2014,12,6,2,149,-16,-8,1027,0.89,0,0
"844",43204,2014,12,6,3,109,-15,-9,1026,1.79,0,0
"845",43205,2014,12,6,4,84,-15,-7,1026,0.45,0,0
"846",43206,2014,12,6,5,60,-16,-8,1026,0.89,0,0
"847",43207,2014,12,6,6,38,-17,-8,1027,2.68,0,0
"848",43208,2014,12,6,7,32,-17,-9,1027,4.47,0,0
"849",43209,2014,12,6,8,44,-15,-6,1027,6.26,0,0
"850",43210,2014,12,6,9,31,-16,-1,1028,4.02,0,0
"851",43211,2014,12,6,10,31,-19,0,1028,8.04,0,0
"852",43212,2014,12,6,11,30,-20,2,1028,9.83,0,0
"853",43213,2014,12,6,12,16,-20,4,1026,1.79,0,0
"854",43214,2014,12,6,13,17,-19,4,1025,3.58,0,0
"855",43215,2014,12,6,14,19,-19,4,1025,1.79,0,0
"856",43216,2014,12,6,15,33,-20,3,1025,3.58,0,0
"857",43217,2014,12,6,16,71,-18,2,1025,5.37,0,0
"858",43218,2014,12,6,17,66,-17,2,1025,7.16,0,0
"859",43219,2014,12,6,18,61,-17,2,1026,8.95,0,0
"860",43220,2014,12,6,19,83,-17,1,1026,10.74,0,0
"861",43221,2014,12,6,20,122,-15,1,1026,13.87,0,0
"862",43222,2014,12,6,21,119,-14,0,1026,0.89,0,0
"863",43223,2014,12,6,22,95,-12,-1,1026,0.89,0,0
"864",43224,2014,12,6,23,93,-13,0,1027,0.89,0,0
"865",43225,2014,12,7,0,102,-13,-1,1027,1.78,0,0
"866",43226,2014,12,7,1,174,-12,-1,1026,2.67,0,0
"867",43227,2014,12,7,2,137,-11,-1,1026,3.56,0,0
"868",43228,2014,12,7,3,80,-9,-1,1026,0.89,0,0
"869",43229,2014,12,7,4,63,-9,-2,1025,0.89,0,0
"870",43230,2014,12,7,5,72,-7,-1,1025,0.89,0,0
"871",43231,2014,12,7,6,59,-6,-3,1025,0.89,0,0
"872",43232,2014,12,7,7,59,-5,-3,1025,1.79,0,0
"873",43233,2014,12,7,8,72,-5,-2,1026,3.58,0,0
"874",43234,2014,12,7,9,79,-3,0,1026,5.37,0,0
"875",43235,2014,12,7,10,77,-4,1,1026,1.79,0,0
"876",43236,2014,12,7,11,96,-16,3,1026,4.92,0,0
"877",43237,2014,12,7,12,54,-19,4,1026,12.97,0,0
"878",43238,2014,12,7,13,34,-19,5,1025,21.91,0,0
"879",43239,2014,12,7,14,18,-20,5,1025,29.06,0,0
"880",43240,2014,12,7,15,22,-19,5,1025,36.21,0,0
"881",43241,2014,12,7,16,21,-17,4,1026,43.36,0,0
"882",43242,2014,12,7,17,15,-16,3,1027,49.17,0,0
"883",43243,2014,12,7,18,13,-16,3,1028,54.09,0,0
"884",43244,2014,12,7,19,11,-16,2,1028,59.01,0,0
"885",43245,2014,12,7,20,17,-17,1,1030,63.03,0,0
"886",43246,2014,12,7,21,18,-18,1,1030,71.08,0,0
"887",43247,2014,12,7,22,16,-17,0,1031,76,0,0
"888",43248,2014,12,7,23,17,-15,0,1032,80.02,0,0
"889",43249,2014,12,8,0,18,-15,-4,1032,83.15,0,0
"890",43250,2014,12,8,1,16,-14,-5,1032,1.79,0,0
"891",43251,2014,12,8,2,15,-14,-2,1032,1.79,0,0
"892",43252,2014,12,8,3,17,-14,-6,1032,4.92,0,0
"893",43253,2014,12,8,4,19,-15,-6,1032,8.05,0,0
"894",43254,2014,12,8,5,15,-15,-7,1032,11.18,0,0
"895",43255,2014,12,8,6,22,-15,-8,1033,12.97,0,0
"896",43256,2014,12,8,7,20,-15,-9,1033,16.1,0,0
"897",43257,2014,12,8,8,21,-13,-4,1034,0.89,0,0
"898",43258,2014,12,8,9,32,-13,-1,1035,1.79,0,0
"899",43259,2014,12,8,10,20,-14,1,1035,3.58,0,0
"900",43260,2014,12,8,11,31,-15,2,1035,0.89,0,0
"901",43261,2014,12,8,12,40,-14,3,1035,2.68,0,0
"902",43262,2014,12,8,13,102,-14,3,1034,4.47,0,0
"903",43263,2014,12,8,14,117,-14,4,1033,6.26,0,0
"904",43264,2014,12,8,15,100,-13,4,1033,3.13,0,0
"905",43265,2014,12,8,16,91.4226441631505,-13,3,1033,1.79,0,0
"906",43266,2014,12,8,17,136,-13,1,1034,2.68,0,0
"907",43267,2014,12,8,18,91.4226441631505,-11,-2,1034,0.89,0,0
"908",43268,2014,12,8,19,91.4226441631505,-11,-2,1035,1.78,0,0
"909",43269,2014,12,8,20,91.4226441631505,-11,-4,1036,2.67,0,0
"910",43270,2014,12,8,21,91.4226441631505,-11,-5,1036,3.56,0,0
"911",43271,2014,12,8,22,91.4226441631505,-11,-5,1036,0.89,0,0
"912",43272,2014,12,8,23,145,-11,-3,1037,0.89,0,0
"913",43273,2014,12,9,0,180,-11,-4,1037,1.79,0,0
"914",43274,2014,12,9,1,91.4226441631505,-11,-4,1037,0.89,0,0
"915",43275,2014,12,9,2,91.4226441631505,-10,-5,1036,0.89,0,0
"916",43276,2014,12,9,3,91.4226441631505,-10,-6,1037,0.89,0,0
"917",43277,2014,12,9,4,91.4226441631505,-10,-7,1036,1.78,0,0
"918",43278,2014,12,9,5,91.4226441631505,-11,-6,1036,2.67,0,0
"919",43279,2014,12,9,6,91.4226441631505,-11,-7,1036,3.56,0,0
"920",43280,2014,12,9,7,91.4226441631505,-11,-8,1036,4.45,0,0
"921",43281,2014,12,9,8,91.4226441631505,-9,-6,1036,0.89,0,0
"922",43282,2014,12,9,9,91.4226441631505,-8,-5,1037,1.79,0,0
"923",43283,2014,12,9,10,91.4226441631505,-8,-4,1037,0.89,0,0
"924",43284,2014,12,9,11,91.4226441631505,-8,-3,1036,1.79,0,0
"925",43285,2014,12,9,12,339,-7,-1,1035,0.89,0,0
"926",43286,2014,12,9,13,355,-7,0,1033,1.78,0,0
"927",43287,2014,12,9,14,388,-8,0,1032,1.79,0,0
"928",43288,2014,12,9,15,390,-8,0,1031,0.89,0,0
"929",43289,2014,12,9,16,375,-8,0,1031,1.78,0,0
"930",43290,2014,12,9,17,367,-8,0,1031,0.89,0,0
"931",43291,2014,12,9,18,352,-6,-1,1031,1.79,0,0
"932",43292,2014,12,9,19,351,-8,0,1031,4.92,0,0
"933",43293,2014,12,9,20,356,-7,-1,1030,6.71,0,0
"934",43294,2014,12,9,21,367,-7,-1,1030,8.5,0,0
"935",43295,2014,12,9,22,361,-7,-1,1030,0.89,0,0
"936",43296,2014,12,9,23,350,-7,-1,1030,0.89,0,0
"937",43297,2014,12,10,0,311,-6,-1,1029,0.89,1,0
"938",43298,2014,12,10,1,319,-5,-1,1029,0.89,0,0
"939",43299,2014,12,10,2,331,-5,-2,1028,1.78,0,0
"940",43300,2014,12,10,3,303,-5,-3,1028,2.67,0,0
"941",43301,2014,12,10,4,301,-7,-5,1027,0.89,0,0
"942",43302,2014,12,10,5,306,-7,-6,1027,0.89,0,0
"943",43303,2014,12,10,6,311,-8,-7,1026,1.78,0,0
"944",43304,2014,12,10,7,318,-5,-5,1026,2.67,0,0
"945",43305,2014,12,10,8,325,-5,-4,1027,3.13,0,0
"946",43306,2014,12,10,9,152,-4,-4,1027,1.79,0,0
"947",43307,2014,12,10,10,65,-9,3,1027,4.02,0,0
"948",43308,2014,12,10,11,57,-15,4,1027,13.85,0,0
"949",43309,2014,12,10,12,63,-17,5,1026,23.68,0,0
"950",43310,2014,12,10,13,62,-17,5,1025,32.62,0,0
"951",43311,2014,12,10,14,45,-19,5,1026,43.8,0,0
"952",43312,2014,12,10,15,19,-19,5,1026,53.63,0,0
"953",43313,2014,12,10,16,21,-18,4,1027,61.68,0,0
"954",43314,2014,12,10,17,13,-18,2,1028,70.62,0,0
"955",43315,2014,12,10,18,31,-18,1,1029,76.43,0,0
"956",43316,2014,12,10,19,17,-18,0,1030,82.24,0,0
"957",43317,2014,12,10,20,14,-16,0,1031,90.29,0,0
"958",43318,2014,12,10,21,13,-16,0,1031,99.23,0,0
"959",43319,2014,12,10,22,16,-16,-1,1032,108.17,0,0
"960",43320,2014,12,10,23,18,-16,-1,1033,116.22,0,0
"961",43321,2014,12,11,0,18,-16,-1,1033,124.27,0,0
"962",43322,2014,12,11,1,20,-16,-1,1033,134.1,0,0
"963",43323,2014,12,11,2,17,-16,-2,1033,142.15,0,0
"964",43324,2014,12,11,3,9,-16,-3,1034,146.17,0,0
"965",43325,2014,12,11,4,16,-16,-3,1034,151.09,0,0
"966",43326,2014,12,11,5,14,-16,-3,1034,156.01,0,0
"967",43327,2014,12,11,6,7,-16,-3,1033,163.16,0,0
"968",43328,2014,12,11,7,15,-16,-3,1033,168.97,0,0
"969",43329,2014,12,11,8,11,-16,-6,1034,173.89,0,0
"970",43330,2014,12,11,9,13,-16,-2,1035,3.13,0,0
"971",43331,2014,12,11,10,16,-16,-1,1034,4.92,0,0
"972",43332,2014,12,11,11,14,-17,1,1033,3.13,0,0
"973",43333,2014,12,11,12,14,-18,3,1031,8.05,0,0
"974",43334,2014,12,11,13,14,-18,4,1030,12.97,0,0
"975",43335,2014,12,11,14,14,-19,4,1029,18.78,0,0
"976",43336,2014,12,11,15,12,-19,4,1028,22.8,0,0
"977",43337,2014,12,11,16,29,-19,4,1028,4.02,0,0
"978",43338,2014,12,11,17,40,-17,2,1028,3.13,0,0
"979",43339,2014,12,11,18,92,-16,1,1028,5.81,0,0
"980",43340,2014,12,11,19,76,-15,2,1028,10.73,0,0
"981",43341,2014,12,11,20,81,-15,2,1029,4.92,0,0
"982",43342,2014,12,11,21,32,-21,2,1029,16.1,0,0
"983",43343,2014,12,11,22,9,-21,0,1030,23.25,0,0
"984",43344,2014,12,11,23,12,-18,0,1030,29.06,0,0
"985",43345,2014,12,12,0,8,-17,-1,1030,34.87,0,0
"986",43346,2014,12,12,1,8,-17,-1,1029,42.02,0,0
"987",43347,2014,12,12,2,8,-18,-2,1029,49.17,0,0
"988",43348,2014,12,12,3,9,-18,-2,1029,52.3,0,0
"989",43349,2014,12,12,4,12,-18,-3,1029,56.32,0,0
"990",43350,2014,12,12,5,14,-19,-3,1029,59.45,0,0
"991",43351,2014,12,12,6,9,-19,-3,1029,63.47,0,0
"992",43352,2014,12,12,7,7,-19,-2,1029,68.39,0,0
"993",43353,2014,12,12,8,8,-18,-2,1029,74.2,0,0
"994",43354,2014,12,12,9,12,-18,-1,1029,78.22,0,0
"995",43355,2014,12,12,10,13,-20,1,1029,85.37,0,0
"996",43356,2014,12,12,11,9,-21,1,1028,95.2,0,0
"997",43357,2014,12,12,12,17,-22,2,1027,103.25,0,0
"998",43358,2014,12,12,13,18,-21,2,1026,112.19,0,0
"999",43359,2014,12,12,14,14,-21,3,1026,120.24,0,0
"1000",43360,2014,12,12,15,10,-21,3,1026,126.05,0,0
"1001",43361,2014,12,12,16,12,-21,3,1026,131.86,0,0
"1002",43362,2014,12,12,17,9,-21,3,1026,136.78,0,0
"1003",43363,2014,12,12,18,14,-21,0,1027,0.89,0,0
"1004",43364,2014,12,12,19,17,-18,-1,1027,1.78,0,0
"1005",43365,2014,12,12,20,21,-17,-3,1028,2.67,0,0
"1006",43366,2014,12,12,21,47,-16,-3,1028,0.89,0,0
"1007",43367,2014,12,12,22,18,-15,-5,1028,0.89,0,0
"1008",43368,2014,12,12,23,15,-15,-5,1028,1.78,0,0
"1009",43369,2014,12,13,0,12,-16,-7,1029,2.67,0,0
"1010",43370,2014,12,13,1,16,-16,-6,1029,3.56,0,0
"1011",43371,2014,12,13,2,15,-15,-8,1029,0.89,0,0
"1012",43372,2014,12,13,3,13,-15,-9,1029,0.89,0,0
"1013",43373,2014,12,13,4,16,-14,-8,1029,0.89,0,0
"1014",43374,2014,12,13,5,16,-15,-8,1028,0.89,0,0
"1015",43375,2014,12,13,6,10,-15,-9,1029,1.34,0,0
"1016",43376,2014,12,13,7,13,-14,-10,1029,1.79,0,0
"1017",43377,2014,12,13,8,33,-15,-9,1029,3.13,0,0
"1018",43378,2014,12,13,9,37,-13,-3,1030,0.89,0,0
"1019",43379,2014,12,13,10,36,-16,0,1030,1.79,0,0
"1020",43380,2014,12,13,11,53,-14,0,1030,1.79,0,0
"1021",43381,2014,12,13,12,58,-15,2,1029,0.89,0,0
"1022",43382,2014,12,13,13,46,-16,3,1028,3.13,0,0
"1023",43383,2014,12,13,14,43,-19,5,1027,0.89,0,0
"1024",43384,2014,12,13,15,41,-19,5,1027,4.02,0,0
"1025",43385,2014,12,13,16,44,-19,4,1026,8.04,0,0
"1026",43386,2014,12,13,17,72,-18,3,1026,9.83,0,0
"1027",43387,2014,12,13,18,80,-18,1,1026,11.62,0,0
"1028",43388,2014,12,13,19,86,-17,2,1027,13.41,0,0
"1029",43389,2014,12,13,20,82,-15,-3,1027,0.89,0,0
"1030",43390,2014,12,13,21,86,-14,-6,1027,0.89,0,0
"1031",43391,2014,12,13,22,98,-14,-4,1027,0.89,0,0
"1032",43392,2014,12,13,23,112,-14,-5,1028,1.78,0,0
"1033",43393,2014,12,14,0,126,-13,-7,1027,2.67,0,0
"1034",43394,2014,12,14,1,192,-13,-7,1027,3.12,0,0
"1035",43395,2014,12,14,2,212,-13,-7,1027,0.89,0,0
"1036",43396,2014,12,14,3,144,-14,-8,1027,1.79,0,0
"1037",43397,2014,12,14,4,107,-14,-9,1027,3.58,0,0
"1038",43398,2014,12,14,5,86,-14,-8,1027,5.37,0,0
"1039",43399,2014,12,14,6,90,-15,-9,1027,7.16,0,0
"1040",43400,2014,12,14,7,95,-15,-10,1027,10.29,0,0
"1041",43401,2014,12,14,8,71,-13,-7,1028,15.21,0,0
"1042",43402,2014,12,14,9,76,-13,-2,1028,1.79,0,0
"1043",43403,2014,12,14,10,75,-16,1,1028,1.79,0,0
"1044",43404,2014,12,14,11,58,-18,4,1027,4.92,0,0
"1045",43405,2014,12,14,12,53,-18,5,1027,1.79,0,0
"1046",43406,2014,12,14,13,59,-18,6,1025,2.68,0,0
"1047",43407,2014,12,14,14,49,-19,6,1024,3.57,0,0
"1048",43408,2014,12,14,15,44,-19,6,1024,1.79,0,0
"1049",43409,2014,12,14,16,50,-19,5,1024,3.58,0,0
"1050",43410,2014,12,14,17,68,-16,3,1024,5.37,0,0
"1051",43411,2014,12,14,18,110,-15,1,1025,7.16,0,0
"1052",43412,2014,12,14,19,129,-13,0,1025,8.95,0,0
"1053",43413,2014,12,14,20,123,-14,0,1025,0.45,0,0
"1054",43414,2014,12,14,21,109,-12,-2,1025,0.89,0,0
"1055",43415,2014,12,14,22,132,-12,0,1025,2.68,0,0
"1056",43416,2014,12,14,23,160,-11,0,1025,4.47,0,0
"1057",43417,2014,12,15,0,167,-11,0,1026,0.89,0,0
"1058",43418,2014,12,15,1,257,-9,0,1025,1.78,0,0
"1059",43419,2014,12,15,2,291,-10,-2,1025,0.89,0,0
"1060",43420,2014,12,15,3,305,-10,-4,1025,1.79,0,0
"1061",43421,2014,12,15,4,307,-9,-4,1025,0.89,0,0
"1062",43422,2014,12,15,5,293,-11,-5,1024,0.89,0,0
"1063",43423,2014,12,15,6,269,-10,-4,1025,0.89,0,0
"1064",43424,2014,12,15,7,47,-16,1,1025,9.83,0,0
"1065",43425,2014,12,15,8,24,-16,1,1027,18.77,0,0
"1066",43426,2014,12,15,9,17,-16,2,1027,28.6,0,0
"1067",43427,2014,12,15,10,12,-16,2,1027,38.43,0,0
"1068",43428,2014,12,15,11,9,-17,3,1027,49.61,0,0
"1069",43429,2014,12,15,12,10,-17,4,1027,57.66,0,0
"1070",43430,2014,12,15,13,9,-19,4,1027,69.73,0,0
"1071",43431,2014,12,15,14,11,-21,3,1027,82.69,0,0
"1072",43432,2014,12,15,15,8,-21,2,1028,94.76,0,0
"1073",43433,2014,12,15,16,13,-22,0,1029,105.94,0,0
"1074",43434,2014,12,15,17,12,-20,-1,1031,118.01,0,0
"1075",43435,2014,12,15,18,10,-21,-2,1032,129.19,0,0
"1076",43436,2014,12,15,19,9,-21,-3,1033,141.26,0,0
"1077",43437,2014,12,15,20,18,-21,-3,1034,152.44,0,0
"1078",43438,2014,12,15,21,10,-21,-4,1034,160.49,0,0
"1079",43439,2014,12,15,22,11,-21,-4,1034,168.54,0,0
"1080",43440,2014,12,15,23,11,-21,-4,1034,175.69,0,0
"1081",43441,2014,12,16,0,6,-21,-5,1034,179.71,0,0
"1082",43442,2014,12,16,1,6,-20,-4,1033,185.52,0,0
"1083",43443,2014,12,16,2,6,-20,-5,1033,189.54,0,0
"1084",43444,2014,12,16,3,5,-19,-5,1032,194.46,0,0
"1085",43445,2014,12,16,4,10,-19,-5,1032,197.59,0,0
"1086",43446,2014,12,16,5,9,-19,-5,1032,201.61,0,0
"1087",43447,2014,12,16,6,11,-18,-5,1031,205.63,0,0
"1088",43448,2014,12,16,7,11,-19,-4,1031,211.44,0,0
"1089",43449,2014,12,16,8,8,-18,-4,1032,215.46,0,0
"1090",43450,2014,12,16,9,12,-18,-3,1032,222.61,0,0
"1091",43451,2014,12,16,10,15,-19,-2,1032,231.55,0,0
"1092",43452,2014,12,16,11,11,-19,-2,1031,240.49,0,0
"1093",43453,2014,12,16,12,9,-19,-1,1031,250.32,0,0
"1094",43454,2014,12,16,13,25,-20,0,1030,261.5,0,0
"1095",43455,2014,12,16,14,23,-20,0,1030,271.33,0,0
"1096",43456,2014,12,16,15,13,-21,-1,1030,280.27,0,0
"1097",43457,2014,12,16,16,8,-20,-1,1030,286.08,0,0
"1098",43458,2014,12,16,17,10,-20,-3,1030,290.1,0,0
"1099",43459,2014,12,16,18,11,-20,-3,1031,294.12,0,0
"1100",43460,2014,12,16,19,12,-21,-5,1031,298.14,0,0
"1101",43461,2014,12,16,20,14,-19,-5,1031,303.06,0,0
"1102",43462,2014,12,16,21,14,-20,-5,1031,307.08,0,0
"1103",43463,2014,12,16,22,10,-20,-3,1031,310.21,0,0
"1104",43464,2014,12,16,23,8,-18,-3,1030,313.34,0,0
"1105",43465,2014,12,17,0,9,-17,-3,1030,318.26,0,0
"1106",43466,2014,12,17,1,9,-18,-3,1029,321.39,0,0
"1107",43467,2014,12,17,2,8,-16,-7,1029,0.89,0,0
"1108",43468,2014,12,17,3,17,-16,-8,1029,1.78,0,0
"1109",43469,2014,12,17,4,30,-16,-7,1028,5.8,0,0
"1110",43470,2014,12,17,5,43,-18,-6,1028,9.82,0,0
"1111",43471,2014,12,17,6,57,-17,-7,1028,11.61,0,0
"1112",43472,2014,12,17,7,65,-18,-8,1028,0.89,0,0
"1113",43473,2014,12,17,8,80,-16,-9,1029,1.78,0,0
"1114",43474,2014,12,17,9,88,-15,-6,1029,2.67,0,0
"1115",43475,2014,12,17,10,96,-16,-3,1030,1.79,0,0
"1116",43476,2014,12,17,11,121,-16,-1,1030,3.58,0,0
"1117",43477,2014,12,17,12,152,-17,0,1029,0.89,0,0
"1118",43478,2014,12,17,13,172,-17,2,1028,1.79,0,0
"1119",43479,2014,12,17,14,128,-16,4,1027,3.58,0,0
"1120",43480,2014,12,17,15,77,-17,5,1027,7.6,0,0
"1121",43481,2014,12,17,16,65,-16,4,1027,9.39,0,0
"1122",43482,2014,12,17,17,79,-16,1,1028,0.89,0,0
"1123",43483,2014,12,17,18,93,-14,0,1028,1.79,0,0
"1124",43484,2014,12,17,19,104,-15,-2,1029,3.58,0,0
"1125",43485,2014,12,17,20,202,-15,-3,1029,0.89,0,0
"1126",43486,2014,12,17,21,245,-14,-4,1030,1.78,0,0
"1127",43487,2014,12,17,22,225,-14,-3,1030,2.67,0,0
"1128",43488,2014,12,17,23,180,-14,-6,1030,1.79,0,0
"1129",43489,2014,12,18,0,180,-13,-6,1030,1.79,0,0
"1130",43490,2014,12,18,1,170,-13,-7,1030,0.89,0,0
"1131",43491,2014,12,18,2,160,-13,-7,1030,2.68,0,0
"1132",43492,2014,12,18,3,146,-14,-9,1031,4.47,0,0
"1133",43493,2014,12,18,4,125,-14,-8,1030,7.6,0,0
"1134",43494,2014,12,18,5,130,-13,-6,1031,8.49,0,0
"1135",43495,2014,12,18,6,138,-14,-7,1031,10.28,0,0
"1136",43496,2014,12,18,7,147,-14,-9,1031,12.07,0,0
"1137",43497,2014,12,18,8,135,-13,-7,1031,13.86,0,0
"1138",43498,2014,12,18,9,136,-12,-4,1031,16.99,0,0
"1139",43499,2014,12,18,10,124,-12,-2,1031,1.79,0,0
"1140",43500,2014,12,18,11,135,-12,0,1031,1.79,0,0
"1141",43501,2014,12,18,12,132,-10,1,1029,1.79,0,0
"1142",43502,2014,12,18,13,133,-9,2,1028,1.79,0,0
"1143",43503,2014,12,18,14,142,-7,2,1027,3.58,0,0
"1144",43504,2014,12,18,15,163,-7,2,1026,5.37,0,0
"1145",43505,2014,12,18,16,166,-7,1,1026,7.16,0,0
"1146",43506,2014,12,18,17,189,-6,-1,1026,0.89,0,0
"1147",43507,2014,12,18,18,202,-6,-1,1025,1.78,0,0
"1148",43508,2014,12,18,19,228,-6,-1,1026,2.67,0,0
"1149",43509,2014,12,18,20,240,-7,-2,1025,3.12,0,0
"1150",43510,2014,12,18,21,235,-7,-4,1025,0.89,0,0
"1151",43511,2014,12,18,22,252,-7,-5,1024,1.79,0,0
"1152",43512,2014,12,18,23,254,-6,-4,1024,0.89,0,0
"1153",43513,2014,12,19,0,274,-7,-5,1024,0.89,0,0
"1154",43514,2014,12,19,1,253,-8,-5,1023,2.68,0,0
"1155",43515,2014,12,19,2,248,-8,-6,1022,5.81,0,0
"1156",43516,2014,12,19,3,219,-8,-5,1022,7.6,0,0
"1157",43517,2014,12,19,4,199,-9,-6,1022,9.39,0,0
"1158",43518,2014,12,19,5,198,-8,-6,1022,10.28,0,0
"1159",43519,2014,12,19,6,204,-8,-5,1022,15.2,0,0
"1160",43520,2014,12,19,7,66,-12,0,1023,22.35,0,0
"1161",43521,2014,12,19,8,22,-15,1,1023,30.4,0,0
"1162",43522,2014,12,19,9,19,-15,3,1024,39.34,0,0
"1163",43523,2014,12,19,10,16,-15,3,1025,46.49,0,0
"1164",43524,2014,12,19,11,11,-15,5,1024,55.43,0,0
"1165",43525,2014,12,19,12,17,-16,5,1024,64.37,0,0
"1166",43526,2014,12,19,13,15,-17,5,1023,75.55,0,0
"1167",43527,2014,12,19,14,14,-17,5,1023,86.73,0,0
"1168",43528,2014,12,19,15,12,-17,4,1024,98.8,0,0
"1169",43529,2014,12,19,16,7,-19,3,1025,110.87,0,0
"1170",43530,2014,12,19,17,7,-20,2,1026,120.7,0,0
"1171",43531,2014,12,19,18,15,-20,1,1027,129.64,0,0
"1172",43532,2014,12,19,19,7,-20,0,1028,140.82,0,0
"1173",43533,2014,12,19,20,10,-18,-1,1029,150.65,0,0
"1174",43534,2014,12,19,21,8,-18,-1,1030,159.59,0,0
"1175",43535,2014,12,19,22,12,-18,-2,1030,169.42,0,0
"1176",43536,2014,12,19,23,11,-18,-2,1031,176.57,0,0
"1177",43537,2014,12,20,0,9,-18,-3,1031,183.72,0,0
"1178",43538,2014,12,20,1,14,-18,-3,1031,189.53,0,0
"1179",43539,2014,12,20,2,8,-18,-3,1031,194.45,0,0
"1180",43540,2014,12,20,3,12,-18,-4,1031,200.26,0,0
"1181",43541,2014,12,20,4,11,-18,-4,1031,207.41,0,0
"1182",43542,2014,12,20,5,12,-19,-5,1030,212.33,0,0
"1183",43543,2014,12,20,6,15,-19,-7,1030,215.46,0,0
"1184",43544,2014,12,20,7,12,-18,-4,1030,220.38,0,0
"1185",43545,2014,12,20,8,91.4226441631505,-18,-4,1031,225.3,0,0
"1186",43546,2014,12,20,9,91.4226441631505,-17,-4,1031,228.43,0,0
"1187",43547,2014,12,20,10,91.4226441631505,-18,-2,1031,233.35,0,0
"1188",43548,2014,12,20,11,91.4226441631505,-17,-1,1031,239.16,0,0
"1189",43549,2014,12,20,12,91.4226441631505,-18,0,1030,244.97,0,0
"1190",43550,2014,12,20,13,91.4226441631505,-19,1,1029,249.89,0,0
"1191",43551,2014,12,20,14,91.4226441631505,-20,1,1029,257.04,0,0
"1192",43552,2014,12,20,15,91.4226441631505,-20,2,1028,262.85,0,0
"1193",43553,2014,12,20,16,91.4226441631505,-21,1,1028,270,0,0
"1194",43554,2014,12,20,17,12,-20,1,1028,274.92,0,0
"1195",43555,2014,12,20,18,14,-19,0,1029,278.94,0,0
"1196",43556,2014,12,20,19,10,-18,0,1030,282.96,0,0
"1197",43557,2014,12,20,20,7,-18,-1,1030,286.98,0,0
"1198",43558,2014,12,20,21,8,-19,-2,1031,294.13,0,0
"1199",43559,2014,12,20,22,6,-19,-3,1032,302.18,0,0
"1200",43560,2014,12,20,23,4,-19,-3,1032,312.01,0,0
"1201",43561,2014,12,21,0,4,-20,-3,1032,321.84,0,0
"1202",43562,2014,12,21,1,7,-20,-4,1032,329.89,0,0
"1203",43563,2014,12,21,2,6,-20,-4,1032,339.72,0,0
"1204",43564,2014,12,21,3,8,-20,-4,1032,349.55,0,0
"1205",43565,2014,12,21,4,7,-20,-5,1031,355.36,0,0
"1206",43566,2014,12,21,5,6,-19,-5,1031,360.28,0,0
"1207",43567,2014,12,21,6,9,-20,-5,1030,365.2,0,0
"1208",43568,2014,12,21,7,9,-19,-5,1030,369.22,0,0
"1209",43569,2014,12,21,8,9,-19,-5,1030,372.35,0,0
"1210",43570,2014,12,21,9,8,-19,-3,1030,375.48,0,0
"1211",43571,2014,12,21,10,11,-20,-2,1030,381.29,0,0
"1212",43572,2014,12,21,11,17,-19,-1,1029,388.44,0,0
"1213",43573,2014,12,21,12,21,-19,0,1027,396.49,0,0
"1214",43574,2014,12,21,13,12,-18,1,1026,406.32,0,0
"1215",43575,2014,12,21,14,20,-18,2,1025,416.15,0,0
"1216",43576,2014,12,21,15,15,-18,2,1025,425.09,0,0
"1217",43577,2014,12,21,16,13,-17,2,1024,433.14,0,0
"1218",43578,2014,12,21,17,14,-17,2,1024,437.16,0,0
"1219",43579,2014,12,21,18,20,-17,1,1024,441.18,0,0
"1220",43580,2014,12,21,19,32,-19,1,1024,4.92,0,0
"1221",43581,2014,12,21,20,33,-19,0,1024,8.05,0,0
"1222",43582,2014,12,21,21,46,-17,-2,1023,9.84,0,0
"1223",43583,2014,12,21,22,53,-16,-1,1023,11.63,0,0
"1224",43584,2014,12,21,23,64,-15,-3,1023,0.89,0,0
"1225",43585,2014,12,22,0,53,-16,-4,1023,1.78,0,0
"1226",43586,2014,12,22,1,72,-16,-5,1023,2.67,0,0
"1227",43587,2014,12,22,2,85,-15,-7,1023,3.56,0,0
"1228",43588,2014,12,22,3,95,-14,-6,1024,4.45,0,0
"1229",43589,2014,12,22,4,98,-15,-8,1024,5.34,0,0
"1230",43590,2014,12,22,5,105,-14,-9,1024,3.13,0,0
"1231",43591,2014,12,22,6,117,-13,-6,1024,3.13,0,0
"1232",43592,2014,12,22,7,117,-13,-8,1024,1.79,0,0
"1233",43593,2014,12,22,8,126,-13,-8,1025,3.58,0,0
"1234",43594,2014,12,22,9,145,-13,-4,1026,5.37,0,0
"1235",43595,2014,12,22,10,136,-13,1,1026,3.13,0,0
"1236",43596,2014,12,22,11,95,-13,4,1025,0.89,0,0
"1237",43597,2014,12,22,12,80,-13,6,1024,1.78,0,0
"1238",43598,2014,12,22,13,51,-14,8,1023,3.57,0,0
"1239",43599,2014,12,22,14,67,-14,9,1022,3.13,0,0
"1240",43600,2014,12,22,15,71,-14,9,1022,7.15,0,0
"1241",43601,2014,12,22,16,63,-14,8,1022,10.28,0,0
"1242",43602,2014,12,22,17,80,-13,7,1022,13.41,0,0
"1243",43603,2014,12,22,18,75,-13,6,1022,17.43,0,0
"1244",43604,2014,12,22,19,87,-12,2,1022,0.89,0,0
"1245",43605,2014,12,22,20,105,-12,-1,1022,1.79,0,0
"1246",43606,2014,12,22,21,125,-12,-4,1022,0.89,0,0
"1247",43607,2014,12,22,22,115,-11,-4,1023,1.78,0,0
"1248",43608,2014,12,22,23,123,-11,-4,1023,2.67,0,0
"1249",43609,2014,12,23,0,142,-12,-5,1022,0.89,0,0
"1250",43610,2014,12,23,1,178,-12,-6,1022,1.78,0,0
"1251",43611,2014,12,23,2,163,-11,-5,1022,3.57,0,0
"1252",43612,2014,12,23,3,162,-12,-7,1022,3.13,0,0
"1253",43613,2014,12,23,4,145,-12,-7,1021,4.92,0,0
"1254",43614,2014,12,23,5,114,-13,-7,1021,6.71,0,0
"1255",43615,2014,12,23,6,84,-12,-5,1021,7.6,0,0
"1256",43616,2014,12,23,7,102,-12,-8,1021,9.39,0,0
"1257",43617,2014,12,23,8,82,-12,-6,1021,12.52,0,0
"1258",43618,2014,12,23,9,88,-10,-3,1021,14.31,0,0
"1259",43619,2014,12,23,10,90,-12,0,1021,16.1,0,0
"1260",43620,2014,12,23,11,88,-11,4,1021,19.23,0,0
"1261",43621,2014,12,23,12,95,-13,6,1020,21.02,0,0
"1262",43622,2014,12,23,13,81,-14,9,1019,24.15,0,0
"1263",43623,2014,12,23,14,89,-15,9,1018,25.94,0,0
"1264",43624,2014,12,23,15,95,-18,11,1018,29.96,0,0
"1265",43625,2014,12,23,16,57,-16,8,1019,31.75,0,0
"1266",43626,2014,12,23,17,62,-14,4,1019,0.89,0,0
"1267",43627,2014,12,23,18,234,-14,2,1020,0.89,0,0
"1268",43628,2014,12,23,19,118,-14,2,1021,1.79,0,0
"1269",43629,2014,12,23,20,108,-16,5,1022,5.81,0,0
"1270",43630,2014,12,23,21,33,-14,-2,1022,7.6,0,0
"1271",43631,2014,12,23,22,21,-13,-1,1023,11.62,0,0
"1272",43632,2014,12,23,23,14,-14,-2,1024,1.79,0,0
"1273",43633,2014,12,24,0,13,-15,2,1025,0.89,0,0
"1274",43634,2014,12,24,1,9,-14,-3,1026,3.13,0,0
"1275",43635,2014,12,24,2,10,-16,0,1027,7.15,0,0
"1276",43636,2014,12,24,3,11,-14,-5,1028,11.17,0,0
"1277",43637,2014,12,24,4,9,-15,-3,1029,15.19,0,0
"1278",43638,2014,12,24,5,15,-14,-5,1030,20.11,0,0
"1279",43639,2014,12,24,6,13,-14,-5,1031,24.13,0,0
"1280",43640,2014,12,24,7,12,-15,-6,1032,27.26,0,0
"1281",43641,2014,12,24,8,11,-13,-2,1033,29.05,0,0
"1282",43642,2014,12,24,9,18,-14,0,1033,1.79,0,0
"1283",43643,2014,12,24,10,17,-14,1,1034,6.71,0,0
"1284",43644,2014,12,24,11,11,-15,3,1034,11.63,0,0
"1285",43645,2014,12,24,12,12,-15,4,1034,4.92,0,0
"1286",43646,2014,12,24,13,14,-15,5,1033,12.07,0,0
"1287",43647,2014,12,24,14,14,-15,5,1032,17.88,0,0
"1288",43648,2014,12,24,15,12,-15,5,1032,25.03,0,0
"1289",43649,2014,12,24,16,16,-15,5,1032,30.84,0,0
"1290",43650,2014,12,24,17,16,-14,4,1032,37.99,0,0
"1291",43651,2014,12,24,18,12,-14,3,1032,45.14,0,0
"1292",43652,2014,12,24,19,20,-14,3,1033,50.06,0,0
"1293",43653,2014,12,24,20,23,-14,2,1033,54.98,0,0
"1294",43654,2014,12,24,21,16,-14,3,1033,59.9,0,0
"1295",43655,2014,12,24,22,17,-14,2,1034,65.71,0,0
"1296",43656,2014,12,24,23,18,-14,2,1034,70.63,0,0
"1297",43657,2014,12,25,0,20,-14,2,1033,75.55,0,0
"1298",43658,2014,12,25,1,22,-14,1,1033,79.57,0,0
"1299",43659,2014,12,25,2,22,-14,1,1034,84.49,0,0
"1300",43660,2014,12,25,3,10,-13,-3,1034,88.51,0,0
"1301",43661,2014,12,25,4,14,-14,-3,1034,91.64,0,0
"1302",43662,2014,12,25,5,14,-14,-7,1034,94.77,0,0
"1303",43663,2014,12,25,6,18,-13,-5,1034,1.79,0,0
"1304",43664,2014,12,25,7,13,-13,-3,1034,3.58,0,0
"1305",43665,2014,12,25,8,18,-13,-3,1034,6.71,0,0
"1306",43666,2014,12,25,9,27,-14,0,1035,10.73,0,0
"1307",43667,2014,12,25,10,38,-14,2,1035,13.86,0,0
"1308",43668,2014,12,25,11,25,-14,5,1035,4.02,0,0
"1309",43669,2014,12,25,12,16,-13,7,1033,7.15,0,0
"1310",43670,2014,12,25,13,16,-14,7,1032,10.28,0,0
"1311",43671,2014,12,25,14,9,-14,6,1031,1.79,0,0
"1312",43672,2014,12,25,15,8,-14,6,1031,3.58,0,0
"1313",43673,2014,12,25,16,18,-14,5,1031,1.79,0,0
"1314",43674,2014,12,25,17,31,-13,3,1032,0.89,0,0
"1315",43675,2014,12,25,18,38,-13,-1,1032,1.78,0,0
"1316",43676,2014,12,25,19,49,-11,-1,1032,2.67,0,0
"1317",43677,2014,12,25,20,52,-11,-2,1032,1.79,0,0
"1318",43678,2014,12,25,21,50,-11,0,1033,0.89,0,0
"1319",43679,2014,12,25,22,51,-12,-3,1033,0.89,0,0
"1320",43680,2014,12,25,23,69,-11,-2,1033,2.68,0,0
"1321",43681,2014,12,26,0,93,-11,-3,1033,4.47,0,0
"1322",43682,2014,12,26,1,94,-11,-3,1034,0.89,0,0
"1323",43683,2014,12,26,2,147,-10,-4,1034,1.78,0,0
"1324",43684,2014,12,26,3,226,-10,-3,1033,0.89,0,0
"1325",43685,2014,12,26,4,179,-11,-6,1033,0.89,0,0
"1326",43686,2014,12,26,5,153,-11,-7,1032,1.78,0,0
"1327",43687,2014,12,26,6,133,-11,-7,1032,2.67,0,0
"1328",43688,2014,12,26,7,127,-11,-6,1032,4.46,0,0
"1329",43689,2014,12,26,8,119,-11,-6,1033,0.45,0,0
"1330",43690,2014,12,26,9,111,-9,-4,1033,0.89,0,0
"1331",43691,2014,12,26,10,118,-9,-2,1033,1.78,0,0
"1332",43692,2014,12,26,11,116,-8,-1,1033,1.79,0,0
"1333",43693,2014,12,26,12,131,-9,0,1032,0.89,0,0
"1334",43694,2014,12,26,13,152,-9,2,1031,1.78,0,0
"1335",43695,2014,12,26,14,163,-9,2,1030,2.67,0,0
"1336",43696,2014,12,26,15,171,-9,2,1030,3.56,0,0
"1337",43697,2014,12,26,16,198,-9,2,1030,4.45,0,0
"1338",43698,2014,12,26,17,234,-9,-1,1030,4.9,0,0
"1339",43699,2014,12,26,18,260,-8,-3,1030,0.89,0,0
"1340",43700,2014,12,26,19,271,-9,-3,1031,0.89,0,0
"1341",43701,2014,12,26,20,244,-8,-3,1031,1.79,0,0
"1342",43702,2014,12,26,21,242,-9,-4,1031,0.89,0,0
"1343",43703,2014,12,26,22,210,-9,-4,1030,1.34,0,0
"1344",43704,2014,12,26,23,194,-10,-5,1030,2.23,0,0
"1345",43705,2014,12,27,0,163,-10,-5,1030,1.79,0,0
"1346",43706,2014,12,27,1,194,-10,-5,1030,3.58,0,0
"1347",43707,2014,12,27,2,187,-10,-5,1030,5.37,0,0
"1348",43708,2014,12,27,3,216,-11,-6,1030,7.16,0,0
"1349",43709,2014,12,27,4,225,-11,-6,1030,8.95,0,0
"1350",43710,2014,12,27,5,199,-11,-7,1029,10.74,0,0
"1351",43711,2014,12,27,6,207,-10,-7,1029,12.53,0,0
"1352",43712,2014,12,27,7,227,-10,-6,1029,13.42,0,0
"1353",43713,2014,12,27,8,259,-11,-7,1029,16.55,0,0
"1354",43714,2014,12,27,9,182,-9,-3,1030,19.68,0,0
"1355",43715,2014,12,27,10,185,-9,-2,1030,22.81,0,0
"1356",43716,2014,12,27,11,191,-10,1,1030,25.94,0,0
"1357",43717,2014,12,27,12,194,-10,3,1029,27.73,0,0
"1358",43718,2014,12,27,13,194,-10,4,1027,0.89,0,0
"1359",43719,2014,12,27,14,192,-10,6,1026,1.78,0,0
"1360",43720,2014,12,27,15,208,-10,5,1026,3.13,0,0
"1361",43721,2014,12,27,16,224,-9,5,1025,6.26,0,0
"1362",43722,2014,12,27,17,249,-9,4,1025,10.28,0,0
"1363",43723,2014,12,27,18,317,-9,4,1026,1.79,0,0
"1364",43724,2014,12,27,19,328,-9,0,1026,2.68,0,0
"1365",43725,2014,12,27,20,349,-9,-3,1026,3.57,0,0
"1366",43726,2014,12,27,21,327,-9,-4,1026,4.46,0,0
"1367",43727,2014,12,27,22,348,-7,-4,1025,5.35,0,0
"1368",43728,2014,12,27,23,363,-9,-5,1025,6.24,0,0
"1369",43729,2014,12,28,0,385,-9,-6,1025,6.69,0,0
"1370",43730,2014,12,28,1,393,-9,-4,1024,1.79,0,0
"1371",43731,2014,12,28,2,388,-8,-3,1024,3.13,0,0
"1372",43732,2014,12,28,3,444,-9,-3,1023,6.26,0,0
"1373",43733,2014,12,28,4,334,-9,-4,1022,9.39,0,0
"1374",43734,2014,12,28,5,284,-9,-4,1022,11.18,0,0
"1375",43735,2014,12,28,6,264,-9,-3,1022,14.31,0,0
"1376",43736,2014,12,28,7,221,-9,-4,1022,17.44,0,0
"1377",43737,2014,12,28,8,160,-9,-4,1022,1.79,0,0
"1378",43738,2014,12,28,9,160,-8,-1,1021,3.58,0,0
"1379",43739,2014,12,28,10,92,-10,4,1021,3.13,0,0
"1380",43740,2014,12,28,11,59,-11,7,1020,7.15,0,0
"1381",43741,2014,12,28,12,69,-12,7,1019,1.79,0,0
"1382",43742,2014,12,28,13,48,-13,8,1018,5.81,0,0
"1383",43743,2014,12,28,14,32,-13,9,1018,12.96,0,0
"1384",43744,2014,12,28,15,33,-14,8,1018,20.11,0,0
"1385",43745,2014,12,28,16,45,-13,8,1018,25.92,0,0
"1386",43746,2014,12,28,17,42,-13,7,1017,29.94,0,0
"1387",43747,2014,12,28,18,41,-13,6,1018,33.96,0,0
"1388",43748,2014,12,28,19,110,-13,6,1017,37.98,0,0
"1389",43749,2014,12,28,20,175,-13,3,1017,0.89,0,0
"1390",43750,2014,12,28,21,293,-13,1,1017,1.78,0,0
"1391",43751,2014,12,28,22,324,-10,2,1017,2.67,0,0
"1392",43752,2014,12,28,23,341,-10,-2,1017,3.12,0,0
"1393",43753,2014,12,29,0,362,-10,-4,1016,4.01,0,0
"1394",43754,2014,12,29,1,372,-10,-5,1016,4.9,0,0
"1395",43755,2014,12,29,2,373,-11,-5,1015,5.79,0,0
"1396",43756,2014,12,29,3,372,-11,-6,1015,6.68,0,0
"1397",43757,2014,12,29,4,318,-12,-7,1014,7.57,0,0
"1398",43758,2014,12,29,5,188,-12,-7,1014,8.46,0,0
"1399",43759,2014,12,29,6,171,-13,-8,1014,1.79,0,0
"1400",43760,2014,12,29,7,136,-12,-7,1014,4.92,0,0
"1401",43761,2014,12,29,8,124,-12,-6,1014,0.89,0,0
"1402",43762,2014,12,29,9,141,-10,-2,1014,1.78,0,0
"1403",43763,2014,12,29,10,132,-11,3,1014,2.67,0,0
"1404",43764,2014,12,29,11,134,-11,5,1014,3.56,0,0
"1405",43765,2014,12,29,12,56,-12,9,1013,3.13,0,0
"1406",43766,2014,12,29,13,48,-13,11,1012,10.28,0,0
"1407",43767,2014,12,29,14,27,-14,11,1011,17.43,0,0
"1408",43768,2014,12,29,15,28,-14,11,1011,25.48,0,0
"1409",43769,2014,12,29,16,20,-15,11,1011,32.63,0,0
"1410",43770,2014,12,29,17,22,-15,10,1012,36.65,0,0
"1411",43771,2014,12,29,18,120,-15,6,1013,0.89,0,0
"1412",43772,2014,12,29,19,109,-14,3,1013,1.78,0,0
"1413",43773,2014,12,29,20,112,-12,1,1014,2.67,0,0
"1414",43774,2014,12,29,21,128,-13,0,1015,3.12,0,0
"1415",43775,2014,12,29,22,164,-12,-3,1015,3.13,0,0
"1416",43776,2014,12,29,23,159,-12,-3,1016,1.79,0,0
"1417",43777,2014,12,30,0,189,-12,-2,1016,0.89,0,0
"1418",43778,2014,12,30,1,97,-13,-2,1016,1.79,0,0
"1419",43779,2014,12,30,2,81,-13,-4,1016,5.81,0,0
"1420",43780,2014,12,30,3,28,-13,-2,1017,10.73,0,0
"1421",43781,2014,12,30,4,25,-13,-5,1017,15.65,0,0
"1422",43782,2014,12,30,5,9,-13,-3,1017,19.67,0,0
"1423",43783,2014,12,30,6,9,-14,-2,1017,22.8,0,0
"1424",43784,2014,12,30,7,13,-13,-3,1018,0.89,0,0
"1425",43785,2014,12,30,8,17,-15,0,1019,1.78,0,0
"1426",43786,2014,12,30,9,16,-13,2,1020,1.79,0,0
"1427",43787,2014,12,30,10,25,-14,5,1020,1.79,0,0
"1428",43788,2014,12,30,11,48,-15,6,1020,1.79,0,0
"1429",43789,2014,12,30,12,49,-15,7,1019,3.58,0,0
"1430",43790,2014,12,30,13,73,-15,6,1018,6.71,0,0
"1431",43791,2014,12,30,14,65,-14,6,1018,9.84,0,0
"1432",43792,2014,12,30,15,55,-14,6,1017,11.63,0,0
"1433",43793,2014,12,30,16,60,-14,6,1018,0.89,0,0
"1434",43794,2014,12,30,17,63,-14,5,1019,1.79,0,0
"1435",43795,2014,12,30,18,79,-13,2,1020,3.58,0,0
"1436",43796,2014,12,30,19,35,-8,6,1021,5.81,0,0
"1437",43797,2014,12,30,20,26,-11,5,1022,12.96,0,0
"1438",43798,2014,12,30,21,20,-12,4,1023,21.9,0,0
"1439",43799,2014,12,30,22,8,-21,2,1025,31.73,0,0
"1440",43800,2014,12,30,23,16,-22,0,1026,38.88,0,0
"1441",43801,2014,12,31,0,10,-19,-1,1027,51.84,0,0
"1442",43802,2014,12,31,1,11,-18,-1,1028,61.67,0,0
"1443",43803,2014,12,31,2,20,-17,-1,1028,70.61,0,0
"1444",43804,2014,12,31,3,9,-17,-1,1029,81.79,0,0
"1445",43805,2014,12,31,4,8,-19,-2,1030,94.75,0,0
"1446",43806,2014,12,31,5,9,-21,-3,1030,109.95,0,0
"1447",43807,2014,12,31,6,8,-23,-4,1032,130.07,0,0
"1448",43808,2014,12,31,7,8,-22,-5,1034,143.03,0,0
"1449",43809,2014,12,31,8,8,-22,-5,1034,150.18,0,0
"1450",43810,2014,12,31,9,8,-22,-3,1034,155.99,0,0
"1451",43811,2014,12,31,10,7,-22,-2,1034,163.14,0,0
"1452",43812,2014,12,31,11,12,-22,-2,1034,170.29,0,0
"1453",43813,2014,12,31,12,17,-22,0,1033,177.44,0,0
"1454",43814,2014,12,31,13,11,-27,0,1032,186.38,0,0
"1455",43815,2014,12,31,14,9,-27,1,1032,196.21,0,0
"1456",43816,2014,12,31,15,11,-26,1,1032,205.15,0,0
"1457",43817,2014,12,31,16,8,-23,0,1032,214.09,0,0
"1458",43818,2014,12,31,17,9,-22,-1,1033,221.24,0,0
"1459",43819,2014,12,31,18,10,-22,-2,1033,226.16,0,0
"1460",43820,2014,12,31,19,8,-23,-2,1034,231.97,0,0
"1461",43821,2014,12,31,20,10,-22,-3,1034,237.78,0,0
"1462",43822,2014,12,31,21,10,-22,-3,1034,242.7,0,0
"1463",43823,2014,12,31,22,8,-22,-4,1034,246.72,0,0
"1464",43824,2014,12,31,23,12,-21,-3,1034,249.85,0,0
